Symbol,Sector,Closed trades,Win rate %,Median trade %,Median hold (sessions),Held % of sessions,Buy & hold %,First bar
AAPL,Technology,2,50.0,-2.4745965787871746,7.0,1.2455516014234875,97.35620703836439,2022-04-01
ADBE,Technology,4,25.0,-2.2341096194008925,8.5,3.0249110320284696,-47.487912087912086,2022-04-01
AFRM,Financials,11,54.54545454545454,1.2880874989404045,14.0,14.501779359430605,53.55074018450976,2022-04-01
AMZN,Consumer Discretionary,7,28.57142857142857,-1.2214968651474978,5.0,2.6690391459074734,51.92202254035942,2022-04-01
ANET,Technology,15,40.0,-1.5308639197198715,5.0,10.231316725978647,486.3740022805017,2022-04-01
AMD,Technology,15,26.666666666666668,-3.357373433923705,7.0,10.676156583629894,469.5691527878349,2022-04-01
APP,Communication Services,20,50.0,0.319393104244875,10.5,29.00355871886121,465.65894279507603,2022-04-01
AVAV,Industrials,15,33.33333333333333,-2.6388369599703587,9.0,15.747330960854091,68.15144766146994,2022-04-01
AVGO,Technology,11,63.63636363636363,0.5636483332335906,5.0,7.295373665480427,497.98600443761734,2022-04-01
BIIB,Health Care,13,38.46153846153847,-1.9547984483049397,5.0,10.231316725978647,6.527365993693812,2022-04-01
BKR,Energy,13,46.15384615384615,-0.22987862047534335,5.0,6.227758007117438,72.66425557564797,2022-04-01
CDNS,Technology,4,75.0,0.6837555757374436,7.5,4.448398576512456,95.15151515151514,2022-04-01
COIN,Financials,7,57.14285714285714,5.208243692406334,8.0,8.09608540925267,4.924681344148318,2022-04-01
CRM,Technology,4,50.0,0.9963498422000339,5.0,2.224199288256228,14.254196642685857,2022-04-01
CRWV,Technology,0,,,,0.0,131.1025641025641,2025-03-28
CVLT,Technology,7,71.42857142857143,0.6215719022351962,10.0,7.206405693950178,125.52999548940006,2022-04-01
DASH,Communication Services,19,47.368421052631575,-0.7270231322437648,5.0,14.05693950177936,57.85353535353537,2022-04-01
ENPH,Technology,3,33.33333333333333,-0.674401707304062,19.0,9.252669039145907,-83.67407849574691,2022-04-01
FIG,Technology,0,,,,0.0,-74.89411764705882,2025-07-31
FTNT,Technology,12,33.33333333333333,-1.7306518134157844,5.0,8.629893238434164,161.97947214076245,2022-04-01
GOOGL,Communication Services,18,55.55555555555556,0.2532827763896406,8.0,13.612099644128115,147.7458571531949,2022-04-01
GTLB,Technology,5,40.0,-1.8668808978013929,5.0,5.604982206405694,-10.657846380007364,2022-04-01
HAL,Energy,16,18.75,-4.48221645086862,6.5,13.078291814946619,-5.427251732101624,2022-04-01
HIMS,Health Care,15,46.666666666666664,-0.9200078272242895,9.0,16.548042704626333,441.2199630314233,2022-04-01
HOOD,Financials,19,47.368421052631575,-1.2691968291095979,9.0,24.288256227758005,792.3190546528805,2022-04-01
INTU,Technology,1,100.0,3.387756773548345,4.0,0.3558718861209964,-40.34313514444396,2022-04-01
IREN,Energy,7,71.42857142857143,12.208041227890432,5.0,7.02846975088968,192.82994923857868,2022-04-01
LRCX,Technology,8,50.0,-1.9804014290691896,3.5,3.3807829181494666,493.77537212449266,2022-04-01
MCK,Health Care,15,66.66666666666666,0.49592700173404225,9.0,21.530249110320284,190.07674341007674,2022-04-01
MRK,Health Care,15,60.0,0.5270431323371572,14.0,20.462633451957295,105.98552338530065,2022-04-01
META,Communication Services,13,38.46153846153847,-1.0240007747440383,9.0,19.395017793594306,249.60435212660735,2022-04-01
MRVL,Technology,8,37.5,-1.8289196886239312,4.5,7.295373665480427,265.80025427320237,2022-04-01
MSFT,Technology,3,100.0,0.46376198574464844,5.0,1.7793594306049825,67.05136377361023,2022-04-01
MU,Technology,17,52.94117647058824,0.06235199245707701,5.0,14.05693950177936,1309.325681492109,2022-04-01
NFLX,Communication Services,20,40.0,-0.7690390129121316,6.0,14.590747330960854,90.33970276008492,2022-04-01
NOW,Technology,4,75.0,2.3190520327962427,3.0,2.491103202846975,23.880597014925375,2022-04-01
NVDA,Technology,18,55.55555555555556,0.6503164828948638,9.5,16.370106761565836,723.8444607483492,2022-04-01
ORCL,Technology,9,77.77777777777779,1.2920030023874762,5.0,5.604982206405694,78.48554617549243,2022-04-01
PANW,Technology,7,71.42857142857143,1.4555268166825064,7.0,6.316725978647687,276.5523901496862,2022-04-01
RCL,Consumer Discretionary,15,53.333333333333336,0.7005540695002921,8.0,11.298932384341636,193.11909726481048,2022-04-01
REGN,Health Care,16,37.5,-0.8462370652742301,5.0,15.391459074733097,14.492420101832405,2022-04-01
SLB,Energy,9,55.55555555555556,1.6644085714459411,11.0,10.587188612099645,38.40150699677074,2022-04-01
SNOW,Technology,5,60.0,1.2572659389453955,6.0,4.092526690391459,45.65435436745018,2022-04-01
SOFI,Financials,10,60.0,1.7347647292364488,5.0,9.252669039145907,77.40232312565998,2022-04-01
TEAM,Technology,1,100.0,4.461094414434208,4.0,3.3807829181494666,-35.154698178635144,2022-04-01
TSLA,Consumer Discretionary,9,22.22222222222222,-1.609919691547379,10.0,10.320284697508896,4.8726344414229406,2022-04-01
UBER,Consumer Discretionary,13,23.076923076923077,-1.9688746461362427,5.0,9.341637010676157,94.00224215246638,2022-04-01
UI,Technology,11,63.63636363636363,0.5517005108749418,6.0,13.612099644128115,100.98151188521665,2022-04-01
UNH,Health Care,12,50.0,-0.0054223273305953334,10.0,12.544483985765126,-20.11885996677033,2022-04-01
UPST,Financials,6,50.0,-4.263886108294185,13.5,11.387900355871885,-77.44828848617975,2022-04-01
VEEV,Technology,5,60.0,0.7520756554370012,14.0,5.782918149466192,29.88657844990548,2022-04-01
VRT,Industrials,21,61.904761904761905,3.1595191429407032,7.0,24.110320284697508,1573.2605729877218,2022-04-01
ZS,Technology,11,36.36363636363637,-1.1682957026882823,8.0,11.032028469750891,-10.566666666666668,2022-04-01
UMAC,Technology,4,25.0,-17.626049306089165,5.0,3.558718861209965,498.25,2024-02-14
NOC,Industrials,14,28.57142857142857,-2.039826496014391,9.0,18.86120996441281,22.58375279978806,2022-04-01
MDB,Technology,7,42.857142857142854,-2.562036867925954,10.0,5.782918149466192,-4.888728388931529,2022-04-01
LMT,Industrials,19,42.10526315789473,-0.8938115038362837,5.0,12.811387900355871,33.34521566430719,2022-04-01
U,Technology,6,33.33333333333333,-0.9408144736052559,9.5,5.0711743772241995,-58.00466389536651,2022-04-01
CRCL,Technology,0,,,,0.0,34.78260869565217,2025-06-05
TWLO,Technology,8,37.5,-1.5424005519127926,5.0,3.7366548042704624,80.47458443748496,2022-04-01
ACHR,Industrials,12,25.0,-7.840760573206756,5.0,9.341637010676157,17.97520661157026,2022-04-01
ALAB,Technology,6,50.0,-3.148238345596516,6.5,6.1387900355871885,585.9018264840182,2024-03-20
APLD,Technology,14,35.714285714285715,-8.200210006015563,5.0,12.188612099644129,475.7446808510638,2022-04-13
ARM,Technology,5,40.0,-3.768237576377098,9.0,4.6263345195729535,446.060606060606,2023-09-14
ASTS,Communication Services,12,50.0,-3.1283998404011024,4.5,13.612099644128115,505.75396825396825,2022-04-01
CIFR,Technology,13,30.76923076923077,-9.292154229810079,12.0,14.412811387900357,395.8904109589041,2022-04-01
CVNA,Consumer Discretionary,10,70.0,5.238785274043356,19.0,18.95017793594306,167.75135586149358,2022-04-01
IONQ,Technology,13,53.84615384615385,3.842373495381768,9.0,11.743772241992882,250.31152647975077,2022-04-01
JOBY,Industrials,10,30.0,-4.467628300792631,6.5,6.850533807829182,-6.528189910979232,2022-04-01
MARA,Technology,3,66.66666666666666,14.096871436397883,14.0,3.7366548042704624,-53.625269203158645,2022-04-01
MSTR,Technology,14,42.857142857142854,-2.1408361490161343,9.0,13.967971530249109,230.35568274734263,2022-04-01
NVTS,Technology,12,41.66666666666667,-3.56855047452439,4.5,9.697508896797153,15.287244401168465,2022-04-01
RDDT,Communication Services,2,100.0,3.6413622784042032,26.0,4.6263345195729535,224.93617021276594,2024-03-21
RKLB,Industrials,14,64.28571428571429,8.4396035133686,13.0,20.106761565836297,814.4099378881986,2022-04-01
SHOP,Consumer Discretionary,16,18.75,-2.2586857753224834,5.0,8.185053380782918,111.11111111111107,2022-04-01
SMCI,Technology,15,53.333333333333336,0.08132712358066563,10.0,20.373665480427047,983.8120104438641,2022-04-01
SOUN,Technology,6,50.0,-2.0549813359161617,10.0,5.338078291814947,-30.045871559633042,2022-04-28
TEM,Health Care,5,40.0,-0.5494396122817324,5.0,3.558718861209965,105.60000000000001,2024-06-14
APA,Energy,15,20.0,-3.7030767192177794,8.0,16.72597864768683,21.94304857621441,2022-04-01
OXY,Energy,11,36.36363636363637,-1.1745172895471279,5.0,12.366548042704627,9.528301886792455,2022-04-01
TRGP,Energy,20,40.0,-0.9221584522421278,5.0,16.459074733096084,310.2434077079107,2022-04-01
DVN,Energy,12,41.66666666666667,-2.9990660770253696,5.5,10.85409252669039,0.16386726751331793,2022-04-01
FANG,Energy,15,53.333333333333336,0.23089907287563438,5.0,11.654804270462634,68.69867904319884,2022-04-01
COF,Financials,11,54.54545454545454,0.24472110182987006,8.0,6.494661921708185,60.184129053283385,2022-04-01
C,Financials,13,53.84615384615385,0.5748742275688334,6.0,9.430604982206406,188.68006993006992,2022-04-01
BE,Industrials,16,50.0,-3.025831207211654,7.0,17.793594306049823,1003.683774834437,2022-04-01
BA,Industrials,7,28.57142857142857,-2.353727732941202,5.0,9.697508896797153,2.191297123273439,2022-04-01
URI,Industrials,16,56.25,0.3888574428599245,6.5,16.90391459074733,195.82754227472782,2022-04-01
PH,Industrials,14,42.857142857142854,-0.9695597550805513,5.0,7.6512455516014235,259.6119799350841,2022-04-01
FCX,Materials,13,23.076923076923077,-3.441093127404893,9.0,11.387900355871885,54.017094017094024,2022-04-01
LYB,Materials,4,50.0,-0.9496575334815738,26.5,8.98576512455516,-20.491478398731665,2022-04-01
CRDO,Technology,20,35.0,-7.134663710437411,5.0,14.323843416370108,1186.736703873933,2022-04-01
NBIS,Technology,10,40.0,-3.7426603958019724,5.0,7.206405693950178,1603.8488453463963,2024-10-21
LITE,Technology,6,66.66666666666666,10.032268079574646,10.0,11.12099644128114,850.7163323782235,2022-04-01
CLS,Technology,21,38.095238095238095,-1.0643510199263018,7.0,20.01779359430605,3026.025104602511,2022-04-01
RBRK,Technology,4,25.0,-4.4622028218087255,7.5,4.715302491103203,194.81865284974091,2024-04-25
