Date,SPY,QQQ,XLC,XLY,XLP,XLE,XLF,XLV,XLI,XLB,XLRE,XLK,XLU
2024-07-09,541.6,492.09,84.93,93.24,72.65,41.42,40.36,139.55,117.29,41.83,35.61,115.6,32.28
2024-07-10,546.96,497.22,85.47,93.95,72.97,41.7,40.51,140.86,118.33,42.39,35.86,117.28,32.59
2024-07-11,542.24,486.32,84.3,92.75,72.7,42.13,40.83,141.86,119.84,42.97,36.82,114.34,33.18
2024-07-12,545.66,489.17,84.03,93.97,73.02,42.24,40.97,142.74,120.53,43.38,37.09,115.36,33.43
2024-07-15,547.16,490.49,84.33,93.86,72.6,42.88,41.57,142.24,121.39,43.27,37.25,115.57,32.61
2024-07-16,550.41,490.68,84.55,95.54,73.29,43.07,42.04,144.27,124.42,44.11,37.6,115.19,32.87
2024-07-17,542.69,476.27,83.28,93.95,74.24,43.5,42.36,144.93,122.83,44.02,37.93,110.71,32.89
2024-07-18,538.52,474.02,83.23,92.99,73.87,43.58,41.85,141.63,121.87,43.58,37.62,110.72,32.86
2024-07-19,534.94,469.82,82.86,92.16,73.62,43.1,41.42,142.36,121.2,43.2,37.57,108.98,32.9
2024-07-22,540.46,476.82,83.21,93.18,73.67,42.83,41.66,143.18,122.43,43.34,37.94,111.56,33.17
2024-07-23,539.61,475.14,83.09,92.76,73.41,42.15,41.73,143.09,122.2,43.51,37.88,111.12,32.97
2024-07-24,527.38,458.09,80.92,88.96,73.34,42.16,41.16,144.28,119.57,42.96,37.36,106.52,33.34
2024-07-25,524.63,453.04,79.99,88.62,73.26,42.88,41.32,143.56,120.53,43.08,37.15,105.38,33.06
2024-07-26,530.51,457.69,81.49,89.61,74.0,43.02,41.96,144.37,122.59,43.78,37.77,106.72,33.38
2024-07-29,530.82,458.61,82.21,91.1,74.03,42.65,41.91,144.46,122.37,43.86,38.02,106.25,33.53
2024-07-30,528.13,452.31,82.54,90.6,73.53,43.31,42.39,144.58,122.73,43.71,38.29,103.58,33.71
2024-07-31,536.72,465.7,83.52,92.0,73.4,43.49,42.28,144.05,124.1,44.17,38.2,107.96,34.14
2024-08-01,529.11,454.42,83.86,89.74,74.08,42.34,41.68,145.52,121.8,43.99,38.79,103.94,34.76
2024-08-02,519.26,443.63,82.5,86.44,74.73,41.25,40.66,145.24,119.12,43.16,38.82,101.01,34.81
2024-08-05,504.14,430.4,80.13,84.0,73.26,40.34,39.48,141.36,117.05,42.2,37.7,97.65,33.89
2024-08-06,508.79,434.52,81.08,84.93,73.76,40.59,40.12,142.01,118.46,42.41,38.53,98.98,34.18
2024-08-07,505.39,429.81,80.65,83.44,73.84,40.75,40.17,140.57,117.89,41.84,38.26,97.37,34.37
2024-08-08,517.07,442.96,82.26,85.26,74.51,41.63,40.81,143.68,120.61,42.49,38.58,101.01,34.41
2024-08-09,519.35,445.27,82.96,85.55,74.62,41.72,40.99,144.39,120.62,42.45,38.78,101.46,34.53
2024-08-12,519.62,446.23,82.38,85.21,74.25,41.93,40.78,143.84,120.01,42.27,38.54,102.29,34.59
2024-08-13,528.17,457.3,83.45,87.35,74.58,41.52,41.11,145.58,121.28,42.69,38.81,105.44,34.79
2024-08-14,529.84,457.45,82.98,86.88,74.92,41.76,41.62,146.1,121.77,42.69,38.95,106.01,34.77
2024-08-15,538.92,469.01,83.73,89.65,75.7,42.26,42.0,147.02,123.41,43.36,38.84,109.06,34.76
2024-08-16,540.13,469.61,83.98,89.86,75.9,42.22,42.31,147.17,123.24,43.42,38.82,109.25,34.92
2024-08-19,545.29,475.78,84.93,90.97,76.16,42.5,42.54,148.07,123.98,43.62,39.05,111.05,35.15
2024-08-20,544.4,474.78,84.88,90.88,76.54,41.38,42.41,148.66,123.64,43.46,39.09,110.66,35.07
2024-08-21,546.27,477.0,85.24,92.03,77.06,41.45,42.34,148.91,124.39,43.96,39.22,111.31,35.32
2024-08-22,541.99,469.43,84.59,90.44,76.94,41.56,42.58,149.01,124.24,43.87,39.46,108.75,35.28
2024-08-23,547.75,474.52,85.19,92.19,77.16,42.18,42.95,149.65,125.48,44.45,40.22,110.51,35.38
2024-08-26,546.44,469.92,85.38,91.47,77.71,42.56,43.09,149.58,125.34,44.65,40.19,109.12,35.61
2024-08-27,547.19,471.32,85.19,91.23,77.89,42.16,43.31,149.81,125.42,44.65,40.3,109.78,35.33
2024-08-28,544.01,465.97,84.62,90.35,77.56,41.89,43.41,149.98,125.36,44.46,40.16,108.27,35.33
2024-08-29,544.06,465.29,84.45,90.46,77.18,42.44,43.8,150.3,126.24,44.71,40.0,107.29,35.52
2024-08-30,549.26,470.84,85.01,91.82,77.79,42.59,44.22,151.34,127.59,45.19,40.39,108.72,35.79
2024-09-03,537.95,456.54,83.45,90.56,78.34,41.53,43.89,151.05,124.77,44.17,40.48,103.72,35.73
2024-09-04,536.85,455.36,83.05,90.8,78.7,40.96,43.94,150.79,124.9,43.99,40.57,103.46,36.04
2024-09-05,535.55,455.78,83.3,91.83,78.4,40.64,43.45,148.72,123.44,43.64,40.46,103.3,35.95
2024-09-06,526.53,443.57,81.56,89.5,78.24,40.13,42.82,148.21,122.19,43.09,40.46,100.62,35.61
2024-09-09,532.43,449.28,81.91,90.81,78.85,40.42,43.45,149.25,124.06,43.51,40.95,102.27,35.97
2024-09-10,534.75,453.43,81.89,91.85,78.83,39.73,43.01,149.93,124.27,43.53,41.67,103.8,36.14
2024-09-11,540.23,463.27,82.23,92.77,78.09,39.36,42.81,149.49,124.5,43.63,41.56,107.34,36.25
2024-09-12,544.78,467.82,83.77,93.81,78.57,39.71,42.9,150.03,125.46,44.03,41.63,108.23,36.33
2024-09-13,547.63,469.92,84.57,94.45,79.13,39.94,43.03,150.34,126.73,44.43,41.93,108.77,36.84
2024-09-16,548.44,467.84,85.46,94.29,79.44,40.4,43.59,151.38,127.38,44.84,42.07,108.36,37.12
2024-09-17,548.66,468.09,85.46,94.77,78.69,40.94,43.82,149.82,128.08,44.93,41.73,108.14,37.09
2024-09-18,547.03,466.06,85.39,94.58,78.38,41.02,43.69,149.57,127.97,44.74,41.61,107.16,36.81
2024-09-19,556.37,477.85,86.55,96.74,77.92,41.51,44.17,150.11,130.18,45.42,41.51,110.34,36.6
2024-09-20,555.41,476.94,86.55,96.52,78.3,41.42,44.14,149.49,129.26,45.09,41.44,109.8,37.56
2024-09-23,556.79,478.2,86.74,97.69,78.75,41.93,44.09,149.2,130.13,45.49,41.9,109.78,37.94
2024-09-24,558.39,480.51,87.15,98.54,78.56,41.83,43.72,148.9,131.07,46.11,41.9,110.53,37.67
2024-09-25,557.16,480.95,86.88,98.19,78.36,41.01,43.46,147.45,130.45,45.8,41.72,110.85,37.87
2024-09-26,559.37,484.57,87.37,98.61,78.55,40.2,43.68,147.94,131.1,46.75,41.31,112.32,37.61
2024-09-27,558.55,481.87,87.9,98.76,78.69,41.02,43.81,147.86,131.29,46.67,41.36,111.27,37.98
2024-09-30,560.79,483.18,88.28,98.53,78.67,41.31,43.97,148.83,131.88,46.41,41.72,111.6,38.15
2024-10-01,555.77,476.45,88.35,98.13,78.4,42.25,43.74,148.05,131.95,46.29,41.47,108.88,38.46
2024-10-02,556.0,477.12,88.07,97.3,77.74,42.68,43.79,147.75,131.71,46.11,41.32,109.68,38.47
2024-10-03,554.99,476.76,87.77,96.17,76.96,43.44,43.55,146.42,131.04,45.6,40.92,110.14,38.46
2024-10-04,560.03,482.44,88.75,97.44,77.22,43.84,44.29,146.53,131.95,45.83,40.64,111.36,38.4
2024-10-07,554.97,477.27,87.55,95.93,76.45,44.0,43.75,145.88,131.63,45.69,40.35,110.6,37.52
2024-10-08,560.22,484.4,88.33,96.86,76.83,42.85,44.0,146.68,131.92,45.48,40.47,112.66,37.53
2024-10-09,564.1,488.21,88.36,97.56,77.29,43.11,44.41,148.17,133.1,45.77,40.49,113.92,37.21
2024-10-10,563.11,487.65,87.7,97.07,76.95,43.4,44.27,147.62,132.42,45.87,40.15,113.89,37.1
2024-10-11,566.48,488.42,88.31,96.66,77.38,43.67,45.12,148.71,134.79,46.17,40.56,114.09,37.43
2024-10-14,571.11,492.52,88.72,97.08,77.69,43.65,45.41,149.53,135.59,46.44,40.84,115.58,37.9
2024-10-15,566.68,485.93,88.91,97.3,78.18,42.24,45.5,147.7,134.55,46.39,41.35,113.04,38.07
2024-10-16,569.14,485.99,88.85,97.81,78.13,42.44,46.07,148.12,135.59,46.75,41.77,113.39,38.82
2024-10-17,569.19,486.33,88.43,97.72,77.78,42.64,46.19,147.26,135.2,46.82,41.49,113.74,38.48
2024-10-18,571.38,489.52,89.09,98.1,77.95,42.5,46.2,147.97,135.61,47.01,41.78,114.14,38.7
2024-10-21,570.44,490.46,88.74,97.34,77.29,42.38,45.83,146.23,135.14,46.65,40.93,114.68,38.55
2024-10-22,570.14,490.99,88.86,96.95,77.73,42.48,45.75,146.02,133.5,46.22,40.99,114.56,38.41
2024-10-23,564.93,483.47,88.19,95.42,77.58,42.25,45.71,145.33,133.11,46.1,41.39,112.92,38.78
2024-10-24,566.15,487.39,88.49,98.43,77.47,42.25,45.75,144.38,132.2,45.53,41.49,113.25,38.53
2024-10-25,565.95,490.36,88.72,98.74,76.83,42.24,45.24,143.58,131.84,45.24,41.16,113.84,37.96
2024-10-28,567.7,490.44,89.28,98.97,76.97,41.97,45.8,143.8,132.23,45.62,41.29,113.8,38.26
2024-10-29,568.62,495.15,90.12,98.46,76.21,41.33,45.52,143.4,132.06,45.32,40.92,115.33,37.44
2024-10-30,566.9,491.41,90.67,98.32,76.09,41.42,45.73,143.13,131.83,45.57,41.07,113.5,37.35
2024-10-31,555.79,479.0,89.88,96.81,75.94,41.68,45.1,141.92,130.32,44.97,40.35,109.86,37.74
2024-11-01,558.13,482.55,90.23,98.39,75.97,41.42,45.25,142.76,130.49,44.84,39.92,110.68,36.9
2024-11-04,556.93,481.14,89.93,98.05,76.18,42.14,44.9,141.83,130.35,45.04,40.36,110.6,36.46
2024-11-05,563.67,487.28,90.92,99.78,76.66,42.42,45.32,142.87,132.53,45.11,40.92,112.15,37.01
2024-11-06,577.68,500.51,93.16,102.98,75.41,44.02,48.07,143.05,137.72,45.73,39.82,115.35,36.62
2024-11-07,582.15,508.39,94.38,104.3,75.68,43.82,47.3,144.09,136.89,45.91,40.32,117.36,36.69
2024-11-08,584.67,508.99,93.92,105.78,76.6,44.11,47.72,145.12,138.36,45.49,41.01,117.23,37.39
2024-11-11,585.23,508.69,94.45,107.91,76.34,44.36,48.4,144.27,139.43,45.29,40.65,116.58,37.5
2024-11-12,583.41,507.77,94.88,106.47,76.42,44.12,48.26,142.26,138.23,44.52,40.14,116.73,37.07
2024-11-13,583.69,507.12,94.92,107.38,76.65,44.47,48.29,141.88,138.52,44.63,40.46,116.33,37.0
2024-11-14,579.94,503.59,94.81,105.86,76.46,44.63,48.16,139.65,136.19,44.26,40.09,115.93,36.87
2024-11-15,572.51,491.59,92.92,104.95,75.79,44.57,48.38,137.06,135.46,43.95,40.14,113.05,37.43
2024-11-18,574.86,495.01,93.83,105.92,76.32,45.16,48.53,137.16,135.27,44.29,40.5,113.42,37.75
2024-11-19,576.96,498.42,94.45,106.0,76.42,44.87,48.21,136.45,135.16,44.15,40.66,114.35,37.99
2024-11-20,577.15,498.13,95.05,105.53,76.03,45.33,48.06,138.07,135.3,44.51,40.6,114.25,38.01
2024-11-21,580.25,499.92,94.81,105.72,76.86,45.69,48.68,139.18,137.0,45.05,40.87,115.41,38.67
2024-11-22,582.05,500.72,94.61,107.24,77.57,45.76,49.22,139.3,138.9,45.31,41.18,115.47,38.46
2024-11-25,584.02,501.51,95.09,108.34,78.0,44.86,49.54,140.49,139.77,45.77,41.73,115.47,38.54
2024-11-26,587.07,504.21,95.45,108.73,78.32,44.8,49.64,141.25,139.94,45.43,41.93,116.05,39.15
2024-11-27,585.3,500.24,95.57,108.2,78.48,44.75,49.73,142.0,139.42,45.41,42.22,114.47,39.15
2024-11-29,588.93,504.63,96.09,109.31,78.88,44.95,49.81,142.44,140.21,45.64,42.03,115.54,39.16
2024-12-02,589.99,510.13,96.88,110.26,78.78,44.47,49.32,142.19,139.18,45.61,41.39,116.63,38.32
2024-12-03,590.26,511.69,97.66,110.18,78.37,44.47,48.95,141.87,138.3,45.46,41.15,117.05,37.99
2024-12-04,593.93,518.02,97.89,111.2,78.16,43.39,48.76,141.8,138.9,45.02,41.04,119.19,37.99
2024-12-05,592.95,516.58,97.66,112.11,78.47,43.56,48.91,140.21,137.22,44.43,40.93,118.59,38.11
2024-12-06,594.07,521.21,98.56,114.47,78.08,42.82,48.9,139.42,136.87,44.26,40.88,119.05,37.63
2024-12-09,591.01,517.15,96.46,114.11,77.96,42.75,48.23,139.82,135.68,44.25,40.96,118.27,37.16
2024-12-10,589.18,515.38,97.97,114.29,78.33,42.46,48.22,139.25,135.35,43.79,40.3,116.63,36.89
2024-12-11,593.73,524.61,99.58,116.3,77.73,42.53,48.32,137.35,135.04,43.64,40.2,118.32,36.66
2024-12-12,590.67,521.22,99.76,115.34,77.96,42.19,48.1,136.26,134.17,43.34,40.17,117.66,36.64
2024-12-13,590.55,525.21,98.57,115.79,77.76,41.98,48.06,136.24,133.82,42.97,40.0,118.17,36.67
2024-12-16,593.08,532.78,98.95,117.36,77.35,41.05,47.98,134.62,133.94,42.58,39.8,119.35,36.37
2024-12-17,590.63,530.43,98.21,117.73,77.22,40.75,47.64,134.52,132.71,42.35,39.62,118.63,36.22
2024-12-18,573.03,511.3,95.41,112.43,76.04,39.54,46.21,132.69,128.96,41.15,38.07,114.8,35.37
2024-12-19,572.85,509.02,95.14,112.27,75.5,39.2,46.38,131.69,128.8,40.7,37.41,114.92,35.53
2024-12-20,579.73,513.46,95.66,112.56,75.77,39.59,47.07,133.35,130.31,41.21,38.1,116.64,36.09
2024-12-23,583.2,518.47,96.18,112.9,75.37,39.82,47.18,134.68,130.28,41.18,38.27,117.87,36.22
2024-12-24,589.69,525.5,97.09,115.51,75.87,40.16,47.73,135.24,131.29,41.4,38.52,119.09,36.42
2024-12-26,589.73,525.14,96.97,115.08,76.1,40.12,47.85,135.51,131.39,41.34,38.58,119.17,36.33
2024-12-27,583.52,518.16,96.1,113.18,75.73,40.12,47.5,134.88,130.41,41.11,38.27,117.59,36.23
2024-12-30,576.86,511.27,95.1,111.36,74.84,40.11,47.04,133.22,129.1,40.56,38.09,116.09,36.07
2024-12-31,574.76,506.92,94.78,110.53,75.07,40.64,47.09,133.54,128.95,40.73,38.39,115.13,36.04
2025-01-02,573.35,505.93,95.24,109.07,74.84,41.11,46.97,133.58,128.5,40.28,38.03,114.85,36.32
2025-01-03,580.52,514.21,95.83,111.28,74.81,41.5,47.34,134.89,129.89,40.27,38.55,116.73,36.7
2025-01-06,583.86,520.12,96.87,111.72,74.02,41.31,47.2,134.94,129.6,40.54,38.02,118.21,36.29
2025-01-07,577.26,510.84,95.79,109.56,73.76,41.72,47.09,135.61,129.47,40.51,37.74,115.84,36.2
2025-01-08,578.11,510.93,95.22,109.87,73.9,41.76,47.25,136.31,129.98,40.74,37.9,115.8,36.19
2025-01-10,569.28,502.92,93.8,108.79,72.91,41.94,46.11,135.55,128.53,40.32,36.98,113.27,35.99
2025-01-13,570.16,501.3,93.84,109.4,73.03,42.82,46.44,137.31,130.03,41.22,37.46,112.47,35.57
2025-01-14,570.95,500.83,93.53,109.19,73.05,43.28,47.01,135.9,131.57,41.73,37.78,112.77,36.04
2025-01-15,581.33,512.35,95.07,111.97,72.8,43.92,48.21,136.45,132.4,42.13,37.94,115.01,36.56
2025-01-16,580.21,508.76,94.53,111.36,73.34,44.24,48.53,136.99,134.01,42.48,38.79,114.13,37.49
2025-01-17,586.04,517.35,95.35,112.92,73.76,44.58,48.94,136.07,134.81,42.75,38.78,115.91,37.54
2025-01-21,591.4,520.38,96.21,113.75,74.11,44.35,49.35,138.32,137.58,43.3,39.49,116.88,38.12
2025-01-22,594.73,527.03,97.17,113.32,73.75,43.54,49.12,138.01,137.25,42.95,38.8,119.52,37.29
2025-01-23,597.97,528.15,97.43,114.01,74.01,43.74,49.4,139.86,138.64,43.19,39.11,119.73,37.47
2025-01-24,596.23,525.17,98.31,113.31,74.39,43.32,49.55,140.08,138.06,43.08,39.22,118.48,37.85
2025-01-27,587.79,509.88,98.82,113.96,76.41,42.87,50.09,143.22,136.21,43.1,39.61,112.68,36.97
2025-01-28,592.85,517.41,99.3,114.1,75.22,42.46,50.0,142.22,135.31,42.96,39.13,115.68,36.46
2025-01-29,590.19,516.44,99.74,113.77,75.4,42.56,49.97,141.39,134.85,42.88,38.67,114.74,36.54
2025-01-30,593.36,518.64,99.84,114.89,76.14,42.77,50.44,143.02,136.35,43.29,39.18,114.95,37.3
2025-01-31,590.2,517.89,100.24,114.38,75.43,41.58,50.15,142.56,135.4,42.98,39.1,114.28,37.08
2025-02-03,586.23,513.75,100.45,112.87,75.72,41.84,49.95,143.12,134.05,43.02,39.03,112.74,37.28
2025-02-04,590.16,520.05,101.35,114.2,75.08,42.72,49.83,142.73,134.09,43.15,39.03,114.36,36.96
2025-02-05,592.55,522.41,100.37,112.9,75.55,42.81,50.35,144.1,134.19,43.11,39.65,115.95,37.33
2025-02-06,594.61,525.14,100.8,113.35,75.89,42.02,50.77,142.81,134.8,43.26,39.76,116.27,37.28
2025-02-07,589.17,518.52,100.59,111.13,75.78,42.02,50.49,142.14,134.4,42.73,39.62,115.27,37.21
2025-02-10,593.17,524.79,101.04,111.51,76.25,42.94,50.09,142.01,135.6,42.95,39.68,116.96,37.61
2025-02-11,593.62,523.54,101.21,110.24,76.98,43.29,50.22,141.75,135.65,43.2,39.89,117.01,37.8
2025-02-12,591.71,523.85,101.31,110.23,76.93,42.24,50.04,141.54,134.81,42.89,39.55,116.76,37.74
2025-02-13,597.95,531.39,102.48,111.88,77.76,42.56,50.37,142.1,134.94,43.64,39.86,118.41,37.82
2025-02-14,597.93,533.62,103.11,111.83,76.98,42.73,50.47,140.55,134.61,43.49,39.7,118.81,37.66
2025-02-18,599.68,534.83,102.63,111.52,77.26,43.32,50.83,140.28,135.67,44.04,39.85,119.9,38.02
2025-02-19,601.09,534.98,102.74,111.46,77.88,43.66,50.85,142.11,135.81,43.52,39.92,119.91,38.22
2025-02-20,598.59,532.7,102.26,110.5,77.58,44.06,50.07,142.9,134.92,43.42,40.19,119.53,38.21
2025-02-21,588.35,521.65,100.86,107.59,78.48,43.14,49.45,142.14,131.96,42.63,39.86,116.29,38.22
2025-02-24,585.68,515.49,101.06,107.19,78.72,43.15,49.66,143.29,131.36,42.58,40.04,114.63,38.03
2025-02-25,582.76,509.0,99.56,106.62,79.84,42.53,49.65,144.52,132.04,42.91,40.47,113.14,37.84
2025-02-26,583.06,510.23,99.38,106.19,78.31,42.29,49.55,143.49,132.12,42.89,40.27,114.37,38.0
2025-02-27,573.75,496.06,98.43,104.65,78.3,42.51,49.82,142.9,131.66,42.6,40.45,110.21,37.15
2025-02-28,582.7,503.89,99.86,106.39,79.34,43.17,50.84,144.56,133.42,42.96,40.73,111.67,37.72
2025-03-03,572.5,492.86,98.87,104.43,79.76,41.66,50.41,145.19,131.52,42.1,41.08,108.27,37.77
2025-03-04,565.72,491.38,98.08,102.59,78.41,41.26,48.64,143.85,128.96,41.53,40.61,108.18,37.16
2025-03-05,571.8,497.78,99.35,104.15,78.73,40.66,48.92,145.29,130.99,42.61,40.99,109.7,36.9
2025-03-06,561.65,484.09,97.56,101.51,78.87,40.78,48.11,144.89,129.87,42.39,39.86,106.66,36.13
2025-03-07,564.8,487.65,98.19,101.32,79.13,41.48,47.86,144.9,131.38,42.51,40.09,108.2,36.8
2025-03-10,549.75,468.75,95.74,97.71,78.96,41.79,46.79,143.34,129.33,41.62,39.7,103.6,37.21
2025-03-11,545.18,467.63,94.33,96.75,77.8,41.46,46.39,141.78,127.34,41.3,39.29,103.18,36.86
2025-03-12,548.08,472.9,94.8,97.31,76.11,41.65,46.46,140.36,127.33,41.11,39.15,104.81,36.75
2025-03-13,540.77,464.39,92.85,94.88,75.76,41.36,46.2,139.61,126.03,41.08,38.38,102.82,36.84
2025-03-14,551.94,475.62,94.56,96.9,75.93,42.59,47.28,140.68,128.33,41.62,39.13,105.93,37.55
2025-03-17,556.2,478.7,95.23,97.06,77.04,43.26,47.83,142.47,130.1,42.14,39.82,106.66,37.71
2025-03-18,550.19,470.54,93.9,95.33,76.16,43.33,47.77,142.53,129.06,42.07,39.57,105.04,37.45
2025-03-19,556.18,476.84,95.02,97.16,76.16,44.04,48.3,142.61,130.78,42.21,39.62,106.41,37.59
2025-03-20,554.57,475.22,94.81,96.92,75.79,44.2,48.37,142.7,130.12,41.94,39.57,105.65,37.74
2025-03-21,554.75,476.79,95.56,97.27,75.76,43.89,48.19,142.3,129.43,41.52,39.18,105.94,37.5
2025-03-24,564.69,487.25,96.91,100.92,76.23,44.39,49.04,143.39,131.83,42.09,39.73,107.94,37.49
2025-03-25,566.04,490.03,98.14,101.73,75.54,44.58,49.32,141.56,132.02,42.08,39.25,108.3,36.89
2025-03-26,559.29,481.02,97.3,100.4,76.71,44.84,49.17,141.04,131.15,42.16,39.45,105.88,37.13
2025-03-27,557.8,478.27,96.87,100.46,77.58,44.4,49.07,141.26,130.45,42.14,39.36,104.91,37.12
2025-03-28,546.57,465.68,94.01,97.34,77.2,44.19,48.12,140.83,127.76,41.36,39.34,102.36,37.39
2025-03-31,550.24,465.66,94.71,97.55,78.41,44.68,48.71,142.28,128.66,41.81,39.76,102.41,37.81
2025-04-01,551.79,469.42,94.77,98.56,78.52,44.94,48.65,139.68,129.39,41.97,39.79,103.16,37.91
2025-04-02,555.28,472.84,95.1,100.44,78.29,45.01,49.05,140.61,130.61,42.32,39.98,103.93,38.09
2025-04-03,527.92,447.53,90.86,94.37,78.74,41.47,46.64,139.47,123.54,40.4,38.78,96.83,37.85
2025-04-04,497.01,419.73,85.66,90.3,75.33,37.66,43.22,131.82,115.78,37.88,37.01,90.45,35.74
2025-04-07,496.13,420.75,85.77,89.23,74.45,37.41,43.12,131.03,115.24,37.27,36.12,90.99,35.19
2025-04-08,488.36,413.17,84.58,87.11,73.3,36.55,42.95,129.58,114.28,36.12,35.23,89.14,35.05
2025-04-09,539.64,462.76,92.05,96.6,76.14,39.38,46.19,135.21,124.43,39.28,37.25,101.11,36.43
2025-04-10,516.0,443.08,88.87,92.82,76.18,36.81,44.9,131.44,121.22,38.02,36.46,96.41,36.16
2025-04-11,525.2,451.24,89.62,93.72,77.14,37.72,45.64,133.37,123.36,39.15,36.97,98.38,36.6
2025-04-14,530.3,454.3,90.22,93.99,78.46,37.85,46.11,135.0,124.65,39.62,37.79,99.28,37.26
2025-04-15,528.81,454.81,90.45,93.32,77.79,37.8,46.23,134.17,124.03,39.31,37.85,99.64,37.25
2025-04-16,517.06,441.09,88.01,91.02,76.96,38.11,45.5,132.81,122.33,39.0,37.83,96.18,36.92
2025-04-17,517.8,441.02,88.58,91.59,78.6,38.97,45.62,132.03,123.0,39.27,38.43,95.66,37.29
2025-04-21,505.47,430.1,86.59,89.14,77.85,37.95,44.64,129.18,120.24,38.67,37.63,93.19,36.41
2025-04-22,518.62,441.39,88.85,91.96,78.96,38.92,46.12,131.61,122.34,39.58,38.4,95.46,37.4
2025-04-23,526.66,451.4,90.27,94.02,78.5,38.84,46.67,132.26,123.87,39.63,38.45,98.23,37.56
2025-04-24,537.74,464.1,92.08,95.89,77.81,39.47,47.18,133.88,126.65,40.48,38.56,101.89,37.62
2025-04-25,541.63,469.28,92.66,97.62,77.61,39.39,46.96,134.52,126.64,40.18,38.5,103.4,37.51
2025-04-28,541.84,469.13,93.01,97.65,77.35,39.67,47.11,135.06,127.06,40.25,38.74,103.23,37.74
2025-04-29,545.25,472.23,93.69,98.34,78.0,39.56,47.59,135.72,127.89,40.59,39.05,103.71,38.03
2025-04-30,545.47,472.17,93.72,97.45,78.56,38.49,47.68,136.88,128.81,40.8,39.24,104.14,37.84
2025-05-01,549.33,478.33,94.2,97.99,77.88,38.63,47.67,133.15,129.78,40.62,39.35,105.67,37.95
2025-05-02,557.49,485.43,95.66,99.51,78.3,39.2,48.66,134.99,132.11,41.3,39.83,107.44,38.24
2025-05-05,554.29,482.55,95.89,98.45,78.24,38.49,48.35,134.61,132.18,41.0,39.79,106.87,38.15
2025-05-06,549.66,478.07,95.87,97.59,78.1,38.5,48.07,130.9,131.02,40.7,39.51,105.98,38.61
2025-05-07,551.97,479.94,95.69,98.35,78.23,38.51,48.36,131.9,131.69,40.48,39.48,107.04,38.72
2025-05-08,555.81,484.9,95.92,99.51,78.13,39.02,48.76,130.71,133.5,41.02,39.29,108.06,38.41
2025-05-09,555.11,484.58,95.43,99.99,77.68,39.41,48.76,129.29,133.61,41.12,39.53,107.93,38.48
2025-05-12,573.45,504.32,97.41,104.96,77.79,40.44,49.75,132.48,137.73,42.08,39.57,112.94,38.25
2025-05-13,577.24,512.01,98.36,106.35,76.75,41.01,49.95,128.5,138.69,41.87,39.04,115.38,38.2
2025-05-14,577.98,515.08,98.87,106.76,76.33,40.76,49.81,125.48,138.02,41.48,38.7,116.13,38.03
2025-05-15,580.8,515.64,99.27,106.52,77.9,40.93,50.15,127.12,139.55,41.91,39.42,116.29,38.84
2025-05-16,584.48,517.89,99.94,107.53,78.79,40.87,50.45,129.69,141.14,42.33,39.91,116.5,39.41
2025-05-19,585.12,518.38,100.04,107.28,79.02,40.34,50.48,130.93,141.62,42.44,40.0,116.34,39.58
2025-05-20,583.15,516.66,99.8,106.72,79.3,39.97,50.21,131.26,141.11,42.37,39.79,115.9,39.69
2025-05-21,573.32,509.48,99.05,104.56,78.38,39.23,49.18,128.22,138.73,41.8,38.73,113.72,38.97
2025-05-22,573.55,510.43,98.83,105.01,78.05,39.08,49.12,127.21,138.7,41.76,38.6,113.75,38.41
2025-05-23,569.63,505.7,98.38,104.06,78.34,39.2,48.94,127.01,138.25,41.68,38.61,112.5,38.87
2025-05-27,581.48,517.6,99.98,107.13,79.05,39.54,49.8,128.78,140.68,42.41,39.24,115.17,39.16
2025-05-28,578.11,515.31,99.96,106.15,78.51,39.04,49.47,128.12,139.98,41.83,39.24,114.69,38.62
2025-05-29,580.39,516.32,99.16,106.2,78.83,39.33,49.73,128.98,140.11,41.98,39.61,114.89,38.89
2025-05-30,579.75,515.5,99.57,105.62,79.52,38.98,49.83,129.25,140.2,41.99,39.64,114.53,39.28
2025-06-02,583.01,519.58,100.06,105.87,79.57,39.49,49.85,129.33,140.02,42.24,39.7,115.54,39.41
2025-06-03,586.34,523.64,99.78,106.43,79.49,39.96,49.95,129.63,141.1,42.67,39.56,117.28,39.51
2025-06-04,586.18,525.1,100.42,106.15,78.94,39.18,49.67,129.88,141.18,42.83,39.68,117.45,38.82
2025-06-05,583.35,521.15,100.55,103.47,78.18,39.14,49.53,129.71,141.08,42.58,39.67,117.12,38.76
2025-06-06,589.34,526.24,101.84,104.81,78.43,39.88,50.15,130.94,142.27,42.69,39.79,118.22,38.93
2025-06-09,589.87,527.01,101.54,105.65,78.32,39.96,49.87,130.72,142.14,42.98,39.77,118.81,38.68
2025-06-10,593.21,530.5,102.83,106.92,78.5,40.67,49.93,132.21,141.52,43.24,40.12,119.47,38.78
2025-06-11,591.52,528.71,102.6,106.07,78.23,41.26,49.87,132.28,141.59,42.82,39.9,119.21,38.8
2025-06-12,593.87,529.95,101.76,105.57,78.69,41.4,49.87,133.31,141.22,43.0,40.12,120.31,39.27
2025-06-13,587.23,523.3,100.73,104.6,77.73,42.12,48.86,132.65,140.03,42.5,39.8,118.63,39.04
2025-06-16,592.82,530.58,102.46,105.73,77.98,42.0,49.41,132.24,140.99,42.86,39.83,120.55,38.85
2025-06-17,587.75,525.41,101.55,103.9,77.31,42.39,49.13,130.06,139.93,42.44,39.67,119.69,38.53
2025-06-18,587.66,525.32,101.6,103.95,77.22,42.11,49.11,129.83,139.6,42.32,39.75,119.84,38.63
2025-06-20,586.28,523.17,100.98,104.08,77.78,42.54,49.25,129.21,139.76,42.03,39.74,119.31,38.74
2025-06-23,592.07,528.55,102.26,106.14,78.69,41.47,49.87,129.4,141.65,42.5,40.32,120.67,39.23
2025-06-24,598.62,536.63,103.58,106.73,78.62,40.93,50.61,130.98,142.83,42.85,40.51,122.83,39.4
2025-06-25,598.95,538.0,103.56,105.47,77.56,40.75,50.45,131.1,141.57,42.44,39.52,123.88,38.87
2025-06-26,603.64,543.04,104.76,106.44,77.5,41.33,50.82,131.41,143.11,42.91,39.27,124.74,39.19
2025-06-27,606.64,544.89,105.99,108.21,77.86,41.12,50.97,131.13,144.53,42.96,39.42,124.59,39.27
2025-06-30,609.54,548.42,106.83,107.59,78.27,40.88,51.39,131.97,145.25,42.92,39.71,125.81,39.43
2025-07-01,609.34,543.8,106.07,108.05,79.25,41.19,51.67,133.85,145.74,44.03,39.97,124.69,39.57
2025-07-02,612.1,547.59,105.77,108.92,79.48,41.9,51.63,132.53,145.88,44.69,40.05,126.0,39.22
2025-07-03,616.93,552.98,106.35,109.51,79.44,41.95,52.19,132.67,147.12,44.66,40.07,127.66,39.52
2025-07-07,612.33,548.81,105.32,108.12,79.37,41.55,51.69,131.55,146.61,44.23,39.76,126.65,39.6
2025-07-08,611.99,549.12,105.11,107.75,78.64,42.66,51.23,132.15,146.57,44.59,39.71,127.33,39.18
2025-07-09,615.66,553.01,105.38,108.39,78.13,42.45,51.42,132.66,147.6,44.86,39.69,128.09,39.55
2025-07-10,617.4,552.21,105.03,109.59,78.41,42.77,51.72,133.47,148.42,45.1,39.89,127.67,39.87
2025-07-11,615.23,550.97,104.35,109.62,78.12,42.96,51.18,132.36,147.89,44.74,39.85,127.11,39.81
2025-07-14,616.4,552.97,105.37,110.03,78.18,42.49,51.56,132.21,148.69,44.49,40.12,127.01,39.97
2025-07-15,613.77,553.47,104.33,108.45,77.4,41.88,50.68,129.83,147.58,43.57,39.6,128.13,39.59
2025-07-16,615.82,554.04,104.65,108.65,77.67,41.52,51.03,131.44,148.1,43.69,40.03,128.53,39.61
2025-07-17,619.59,558.52,105.01,109.02,78.41,41.77,51.53,129.94,149.47,44.0,39.99,129.7,39.77
2025-07-18,619.14,557.99,104.53,109.99,78.19,41.43,51.55,129.08,149.13,44.1,40.11,129.61,40.44
2025-07-21,620.31,560.88,105.92,110.51,78.18,41.01,51.41,128.35,148.34,44.32,40.26,129.78,40.57
2025-07-22,620.4,557.98,106.17,111.62,78.9,41.2,51.69,130.74,148.7,44.94,40.96,128.58,41.07
2025-07-23,625.68,560.52,106.75,112.15,78.93,41.84,52.1,133.42,151.37,45.09,41.08,129.32,40.76
2025-07-24,625.88,561.72,106.93,110.3,78.65,42.14,52.07,132.92,151.11,44.62,41.02,129.86,40.71
2025-07-25,628.53,563.07,105.93,111.32,78.78,41.98,52.44,133.63,152.61,45.15,41.02,130.16,40.81
2025-07-28,628.37,564.83,105.36,111.97,77.97,42.46,52.07,132.46,152.14,44.5,40.31,131.2,40.38
2025-07-29,626.71,563.95,104.46,111.2,78.48,42.88,51.81,131.62,150.4,44.32,40.98,131.2,40.84
2025-07-30,625.92,564.71,104.78,110.5,77.79,42.26,51.71,131.38,149.66,43.43,40.41,131.5,41.15
2025-07-31,623.58,561.72,105.73,109.62,77.12,42.04,51.39,127.7,149.67,42.88,39.7,130.53,41.37
2025-08-01,613.35,550.65,104.46,106.98,77.49,41.26,50.44,128.39,147.44,42.39,39.58,127.72,41.43
2025-08-04,622.68,560.81,106.47,108.23,77.86,41.16,50.94,130.23,148.8,42.95,39.92,130.31,42.16
2025-08-05,619.52,557.0,105.64,108.37,77.79,41.22,50.73,129.73,148.49,43.25,40.05,129.23,41.72
2025-08-06,624.27,564.01,106.04,110.62,78.9,40.84,50.98,127.78,148.61,42.79,39.72,130.69,41.34
2025-08-07,623.74,565.92,105.59,110.59,79.5,40.68,50.41,126.31,148.39,42.97,39.87,130.81,41.79
2025-08-08,628.61,571.2,105.94,110.78,79.73,40.94,50.88,127.44,148.51,43.19,39.54,132.11,41.61
2025-08-11,627.36,569.51,106.49,111.07,79.66,40.61,50.86,127.57,148.03,43.09,39.31,131.22,41.48
2025-08-12,634.04,576.67,108.52,112.25,79.87,40.81,51.48,128.45,149.57,43.65,39.38,133.25,41.66
2025-08-13,636.21,576.96,109.37,113.79,79.87,41.28,51.77,130.5,150.14,44.47,39.64,133.3,41.75
2025-08-14,636.27,576.51,109.46,113.66,79.16,41.24,52.02,131.16,148.81,44.01,39.36,133.01,41.46
2025-08-15,634.78,573.97,109.73,113.39,79.29,41.24,51.48,133.36,148.13,44.01,39.62,132.0,41.34
2025-08-18,634.64,573.75,109.07,113.84,79.18,41.0,51.52,133.05,148.71,43.75,39.25,132.29,41.17
2025-08-19,631.2,565.96,108.45,113.79,79.99,41.01,51.61,133.9,149.03,44.02,39.95,129.98,41.57
2025-08-20,629.52,562.6,108.13,112.66,80.45,41.35,51.88,134.62,148.9,44.05,40.1,129.1,41.61
2025-08-21,627.0,560.0,108.01,112.0,79.72,41.64,51.71,134.17,148.36,44.18,39.95,128.63,41.32
2025-08-22,636.63,568.64,109.57,115.4,79.72,42.49,52.57,135.28,150.79,45.06,40.59,130.37,41.55
2025-08-25,633.83,566.99,109.74,115.16,78.36,42.6,52.26,133.35,149.28,44.81,40.39,130.08,41.08
2025-08-26,636.48,569.27,109.26,115.69,77.84,42.53,52.66,134.18,150.82,44.93,40.27,130.68,41.17
2025-08-27,637.93,570.15,109.45,115.72,78.08,43.01,52.77,134.11,150.8,45.04,40.44,131.38,41.18
2025-08-28,640.19,573.72,109.86,115.92,77.58,43.33,52.84,133.58,151.06,45.04,40.34,132.42,40.87
2025-08-29,636.37,567.07,109.65,114.72,78.09,43.57,52.98,134.56,149.67,45.11,40.56,130.39,40.72
2025-09-02,631.66,562.32,109.46,113.87,77.96,43.63,52.59,134.68,148.25,44.77,39.87,129.07,40.58
2025-09-03,635.08,566.75,111.29,114.33,77.9,42.65,52.5,134.05,147.5,44.47,39.76,129.84,40.48
2025-09-04,640.39,571.88,112.29,116.42,77.95,42.94,53.05,134.56,149.16,44.64,40.03,130.48,40.43
2025-09-05,638.53,572.7,112.89,116.39,78.17,42.11,52.07,135.02,148.61,44.95,40.43,130.59,40.31
2025-09-08,640.1,575.5,113.02,116.84,77.88,42.01,52.11,134.97,148.95,44.99,40.17,131.57,39.9
2025-09-09,641.58,577.13,113.66,116.68,78.04,42.22,52.34,135.69,147.94,44.26,40.15,131.82,40.17
2025-09-10,643.43,577.31,112.83,115.28,77.27,42.95,52.16,134.46,149.03,44.34,40.13,134.21,40.86
2025-09-11,648.78,580.67,114.56,117.53,77.9,42.96,53.02,136.8,150.45,45.27,40.78,134.67,41.08
2025-09-12,648.56,583.24,115.51,118.13,77.64,42.71,52.79,135.22,149.25,44.81,40.6,134.58,41.29
2025-09-15,652.02,588.23,117.14,119.16,76.75,42.56,52.67,134.07,149.94,44.45,40.55,135.79,41.38
2025-09-16,651.12,587.73,116.66,119.89,77.1,43.28,52.56,134.07,149.5,44.32,40.31,135.32,40.63
2025-09-17,650.31,586.56,116.97,119.59,77.56,43.38,53.07,134.33,148.82,44.42,40.29,134.85,40.73
2025-09-18,653.35,591.85,117.06,119.05,76.89,43.24,53.11,134.6,150.4,44.42,40.32,137.18,40.76
2025-09-19,656.59,595.86,117.54,119.5,76.73,42.67,53.23,134.42,150.77,44.4,40.12,138.57,41.02
2025-09-22,659.69,599.38,117.13,119.11,75.88,42.62,53.16,134.38,151.27,44.38,40.25,140.61,41.42
2025-09-23,656.1,595.4,116.96,117.99,76.26,43.35,52.93,134.69,151.31,44.24,40.57,139.4,41.63
2025-09-24,654.01,593.31,115.99,118.82,76.42,43.92,52.78,134.15,150.53,43.7,40.15,138.54,41.93
2025-09-25,651.0,590.75,115.6,117.15,75.69,44.31,52.64,131.93,149.51,43.13,40.06,138.29,41.52
2025-09-26,654.73,593.18,116.72,118.88,75.88,44.72,53.02,133.27,150.86,43.63,40.45,138.71,42.2
2025-09-29,656.57,595.93,117.1,119.4,76.02,43.9,53.29,133.67,151.32,43.8,40.53,139.45,42.32
2025-09-30,659.04,597.56,116.92,118.84,76.28,43.43,53.03,136.88,152.49,44.01,40.69,140.21,42.39
2025-10-01,661.28,600.43,115.28,119.59,76.16,43.43,52.56,141.11,152.06,43.55,40.69,141.58,42.8
2025-10-02,662.05,602.9,115.03,118.73,75.86,42.99,52.52,140.84,152.46,44.06,40.48,142.35,42.73
2025-10-03,662.04,600.36,114.97,117.96,75.95,43.22,52.89,142.44,152.66,44.13,40.65,141.63,43.22
2025-10-06,664.41,604.87,115.09,118.97,75.39,43.44,52.87,141.75,153.38,44.09,40.24,143.07,43.64
2025-10-07,661.95,601.68,114.64,116.89,76.09,43.5,52.94,141.86,152.51,43.92,40.11,142.11,43.84
2025-10-08,665.89,608.58,114.17,117.24,75.71,43.25,52.68,142.13,153.83,44.15,39.91,144.6,44.14
2025-10-09,663.97,607.84,113.51,116.65,75.96,42.66,52.49,141.82,151.56,43.55,39.73,144.36,44.03
2025-10-10,646.02,586.74,111.42,113.44,76.01,41.43,51.35,139.77,148.21,42.65,39.29,138.49,43.85
2025-10-13,655.93,599.19,112.45,115.98,75.76,41.99,51.84,139.62,149.75,43.33,39.52,141.86,44.18
2025-10-14,655.13,595.2,113.19,116.22,76.98,41.99,52.41,140.0,151.51,43.76,39.89,140.04,44.58
2025-10-15,658.04,599.4,113.99,116.39,77.11,41.96,52.41,140.22,150.88,43.57,40.47,141.43,45.16
2025-10-16,653.56,597.18,112.77,115.26,76.58,41.46,50.96,139.98,149.89,43.24,40.35,141.53,44.67
2025-10-17,657.27,601.11,113.53,116.26,77.6,41.8,51.37,140.92,150.02,43.16,40.61,141.78,44.51
2025-10-20,664.1,608.68,114.82,117.18,77.53,42.24,51.97,142.41,151.79,43.68,41.03,143.36,44.5
2025-10-21,664.09,608.52,115.22,118.61,77.17,42.14,51.91,142.74,153.13,43.51,40.91,143.44,44.05
2025-10-22,660.64,602.66,114.23,117.68,77.61,42.68,51.62,143.56,151.14,43.38,41.09,142.02,43.95
2025-10-23,664.56,607.72,113.84,118.21,77.23,43.25,51.72,143.64,153.03,43.9,41.05,143.81,43.91
2025-10-24,669.99,614.21,114.14,117.86,76.98,42.81,52.29,143.63,153.16,43.72,41.2,146.04,44.43
2025-10-27,677.89,625.15,115.73,119.56,77.1,42.92,52.5,143.96,154.03,43.7,41.28,148.74,44.55
2025-10-28,679.69,629.96,115.15,119.59,76.34,42.47,52.17,143.06,152.93,43.75,40.37,150.21,43.81
2025-10-29,680.02,632.8,114.87,118.6,74.53,42.78,51.28,141.61,153.33,42.89,39.26,151.29,43.8
2025-10-30,672.54,623.12,112.92,115.92,74.46,42.53,51.42,141.93,152.94,42.32,39.49,149.43,43.62
2025-10-31,674.75,626.13,113.41,118.99,74.24,42.84,51.56,141.88,153.31,42.07,39.51,149.57,43.31
2025-11-03,676.01,629.12,112.2,120.1,73.66,42.85,51.34,142.08,152.66,41.81,39.44,150.19,43.34
2025-11-04,668.0,616.35,111.43,118.11,73.96,42.39,51.61,142.72,150.89,41.61,39.54,146.22,43.18
2025-11-05,670.32,620.36,112.03,119.55,73.91,42.5,51.78,143.27,151.47,41.85,39.54,146.79,43.19
2025-11-06,663.12,608.81,111.03,116.79,73.58,42.91,51.6,143.54,150.87,41.65,39.34,143.84,43.0
2025-11-07,663.78,606.89,110.74,116.97,74.66,43.53,51.96,143.74,151.6,42.15,39.86,143.35,43.6
2025-11-10,674.13,620.31,111.89,118.51,74.39,43.92,52.15,144.86,152.46,42.55,39.83,147.01,43.59
2025-11-11,675.68,618.66,112.8,118.8,75.36,44.5,52.38,148.2,152.5,42.99,40.28,145.76,43.61
2025-11-12,676.05,618.17,112.15,118.0,75.26,43.87,52.84,150.31,152.65,43.29,39.96,146.21,43.71
2025-11-13,664.84,605.55,110.56,115.06,75.26,43.99,52.16,150.23,150.28,43.01,39.44,142.56,43.11
2025-11-14,664.73,606.01,109.97,114.51,75.2,44.73,51.64,149.33,150.29,42.61,39.55,143.34,43.15
2025-11-17,658.53,600.84,109.82,113.43,74.72,43.92,50.65,149.21,148.82,41.97,39.29,141.1,43.54
2025-11-18,653.0,593.52,110.44,111.34,75.04,44.27,50.57,150.08,148.16,42.0,39.44,138.8,43.37
2025-11-19,655.53,597.06,109.83,111.34,74.47,43.69,50.76,149.83,148.65,42.11,39.13,139.77,43.01
2025-11-20,645.53,582.93,108.63,109.68,75.0,43.2,50.32,148.93,146.16,41.48,38.99,135.38,42.79
2025-11-21,651.97,587.31,110.53,111.83,75.82,43.47,50.87,152.07,147.94,42.41,39.51,135.9,42.85
2025-11-24,661.56,602.33,111.63,113.32,74.94,43.35,51.08,152.71,148.3,42.49,39.56,139.14,43.34
2025-11-25,667.78,606.04,112.9,115.75,75.98,43.08,51.72,156.16,150.2,43.13,39.88,139.52,43.17
2025-11-26,672.39,611.4,113.06,116.54,76.8,43.4,52.13,155.82,151.07,43.66,40.06,141.17,43.75
2025-11-28,676.06,616.35,113.98,117.27,77.25,43.97,52.5,155.06,151.95,43.91,40.25,142.38,44.06
2025-12-01,672.98,614.28,113.45,117.34,77.17,44.39,52.07,152.74,149.73,43.8,39.69,142.45,43.03
2025-12-02,674.22,619.09,113.82,117.26,76.67,43.82,52.02,151.82,151.03,43.4,39.59,143.91,42.72
2025-12-03,676.56,620.6,113.72,118.52,76.72,44.64,52.72,152.53,152.47,43.71,39.67,144.26,42.58
2025-12-04,677.05,620.03,114.37,118.1,76.35,44.83,52.83,151.37,153.26,43.45,39.6,144.79,42.5
2025-12-05,678.34,622.55,115.7,118.76,76.36,44.65,52.85,150.74,152.83,43.31,39.59,145.85,42.1
2025-12-08,676.3,621.36,114.84,117.03,75.73,44.16,52.65,148.94,152.65,42.71,39.35,146.88,41.53
2025-12-09,675.72,622.13,114.97,117.02,75.91,44.43,52.45,147.5,151.53,42.62,39.12,147.27,41.56
2025-12-10,680.2,624.67,115.64,118.74,76.13,44.9,53.05,149.64,154.3,43.45,39.2,147.97,41.54
2025-12-11,681.78,622.65,115.38,119.2,76.7,44.69,54.02,151.06,155.95,44.32,39.41,147.22,41.85
2025-12-12,674.45,610.75,115.12,119.72,77.3,44.25,54.1,151.53,154.97,44.35,39.36,142.96,41.64
2025-12-15,673.43,607.68,115.14,120.74,77.51,43.94,54.14,153.53,155.22,44.32,39.52,141.57,42.02
2025-12-16,671.59,608.89,115.22,120.94,77.16,42.6,53.79,151.54,154.3,44.2,39.17,141.83,41.85
2025-12-17,664.2,597.6,114.39,119.54,77.52,43.54,53.78,151.26,151.79,44.39,39.34,138.68,41.57
2025-12-18,669.22,606.26,115.05,121.34,77.08,42.91,53.69,151.38,152.78,44.37,39.1,140.82,41.98
2025-12-19,675.28,614.16,115.1,120.86,76.68,42.91,53.99,152.39,154.1,44.56,38.96,143.86,41.45
2025-12-22,679.49,617.11,115.61,121.58,76.41,43.35,54.65,153.4,155.81,45.09,39.24,144.64,41.6
2025-12-23,682.6,620.0,116.33,121.42,76.05,43.63,54.76,153.09,155.75,45.17,39.23,145.43,41.75
2025-12-24,685.0,621.81,117.02,121.83,76.64,43.51,55.06,153.89,156.25,45.26,39.49,145.78,41.93
2025-12-26,684.93,621.77,116.9,121.3,76.75,43.34,54.95,154.14,155.97,45.53,39.57,146.0,41.9
2025-12-29,682.49,618.76,116.83,120.1,76.8,43.75,54.65,153.9,155.63,45.16,39.67,145.35,41.98
2025-12-30,681.65,617.33,117.22,119.62,76.67,44.09,54.51,153.77,155.18,45.15,39.76,144.89,42.08
2025-12-31,676.6,612.22,116.66,118.67,76.21,43.84,54.11,152.9,153.89,44.77,39.4,143.45,41.82
2026-01-02,677.84,611.04,115.84,117.62,76.22,44.76,54.27,153.61,156.73,45.54,39.43,143.78,42.3
2026-01-05,682.36,615.89,116.69,119.56,75.89,45.98,55.45,153.14,158.58,45.99,39.48,144.1,41.83
2026-01-06,686.42,621.3,116.27,120.32,76.01,44.75,55.72,156.15,160.74,46.9,39.74,146.12,42.03
2026-01-07,684.2,621.9,116.03,120.15,75.17,44.25,54.94,157.7,157.71,46.09,39.2,146.0,41.01
2026-01-08,684.13,618.36,116.42,122.16,76.96,45.65,55.22,156.18,158.9,46.9,39.49,143.72,41.13
2026-01-09,688.66,624.52,116.84,123.64,77.75,45.76,55.06,155.38,160.65,47.65,39.55,145.63,41.64
2026-01-12,689.74,625.04,116.49,123.75,78.66,45.44,54.62,155.45,161.88,47.9,39.66,146.26,41.71
2026-01-13,688.36,624.11,115.83,123.44,79.58,46.09,53.57,154.82,162.71,48.11,39.97,145.95,41.97
2026-01-14,684.98,617.45,115.59,121.49,80.68,47.13,53.5,155.93,162.97,48.13,40.42,144.18,42.29
2026-01-15,686.84,619.67,115.16,121.94,80.81,46.68,53.71,155.04,164.47,48.34,40.72,144.94,42.72
2026-01-16,686.27,619.15,114.13,121.54,80.56,46.76,53.78,153.83,165.58,48.06,41.22,145.1,42.5
2026-01-20,672.3,606.0,112.45,118.38,80.8,46.67,52.56,153.5,162.24,47.58,40.43,141.33,42.08
2026-01-21,680.06,614.19,113.59,120.65,80.88,47.8,52.81,156.32,165.04,48.62,40.57,143.29,42.14
2026-01-22,683.61,618.65,115.2,121.86,80.72,47.96,53.16,156.35,164.19,48.89,40.17,144.36,41.84
2026-01-23,683.86,620.61,115.9,122.37,81.34,48.23,52.43,155.55,162.92,49.34,40.28,144.57,41.69
2026-01-26,687.33,623.34,116.71,121.56,81.22,48.26,52.76,156.16,163.08,49.4,40.25,145.56,41.99
2026-01-27,690.07,628.99,115.84,121.93,81.59,48.7,52.36,153.55,163.75,49.35,40.28,147.52,42.54
2026-01-28,690.0,631.07,115.7,121.02,80.76,49.08,52.35,152.42,162.84,49.32,39.89,148.69,42.44
2026-01-29,688.63,627.29,118.71,120.44,80.58,49.53,52.9,151.94,164.55,49.37,40.4,146.34,42.44
2026-01-30,686.58,619.76,119.0,120.42,81.93,50.06,52.79,152.84,164.13,48.65,40.46,143.36,42.36
2026-02-02,689.99,624.01,118.59,121.22,82.9,49.08,53.38,153.78,166.2,49.02,40.0,144.74,41.75
2026-02-03,684.15,614.43,116.68,120.24,84.25,50.67,52.88,152.21,167.6,50.06,39.85,141.57,42.36
2026-02-04,680.84,603.69,115.75,119.36,85.35,51.8,53.31,154.12,168.05,51.23,40.48,137.62,42.2
2026-02-05,672.34,595.0,115.16,116.78,85.28,51.2,52.65,152.94,167.04,49.86,40.26,135.14,42.22
2026-02-06,685.24,607.58,114.71,117.26,86.28,52.21,53.6,155.78,171.81,50.86,41.0,140.62,42.46
2026-02-09,688.54,612.23,115.82,116.82,85.78,52.6,53.29,154.41,172.32,51.52,41.26,142.84,42.59
2026-02-10,686.72,609.39,116.52,117.6,85.5,52.54,52.9,153.43,172.53,52.24,41.83,142.04,43.3
2026-02-11,686.57,611.03,115.69,117.03,86.73,53.91,52.1,154.34,173.46,52.94,41.79,142.46,43.68
2026-02-12,675.96,598.6,113.6,115.41,87.52,52.93,51.07,154.09,171.38,52.16,41.86,138.71,44.32
2026-02-13,676.43,599.88,113.55,115.46,87.82,53.29,51.03,155.74,172.79,52.63,42.48,139.06,45.55
2026-02-17,677.53,599.26,113.37,115.32,86.53,52.71,51.57,155.44,173.69,52.03,42.91,138.98,45.43
2026-02-18,680.94,603.73,113.55,116.3,86.38,53.72,51.95,155.74,173.65,52.35,42.33,140.4,44.68
2026-02-19,679.14,601.42,114.1,115.52,86.01,54.11,51.52,155.33,174.94,52.16,42.18,139.71,45.17
2026-02-20,684.06,606.74,115.75,116.72,86.23,53.81,51.86,154.9,175.83,52.29,42.54,140.37,45.38
2026-02-23,677.07,599.37,114.32,114.28,87.29,54.08,50.12,156.6,173.45,52.29,42.58,138.02,45.72
2026-02-24,681.99,605.81,115.11,116.02,88.04,54.03,50.36,155.94,175.58,52.68,42.7,139.82,46.23
2026-02-25,687.75,614.59,115.45,116.37,87.33,53.8,51.24,155.9,174.21,52.39,42.42,142.5,46.39
2026-02-26,683.93,607.17,115.67,116.33,87.18,53.98,51.87,155.49,175.3,52.33,42.6,140.5,46.21
2026-02-27,680.64,605.23,116.98,116.14,88.31,54.83,50.81,158.24,175.74,52.73,42.81,138.26,46.75
2026-03-02,681.03,606.03,116.81,114.71,87.03,55.93,50.68,156.59,177.48,52.57,42.89,139.04,46.4
2026-03-03,675.03,599.54,116.89,113.65,86.08,55.42,50.59,154.82,174.05,51.28,42.67,137.01,46.11
2026-03-04,679.79,608.68,117.72,115.67,85.51,55.1,50.88,155.13,174.58,51.26,42.73,139.34,46.3
2026-03-05,676.0,606.84,117.37,115.83,83.8,55.38,50.61,152.02,170.7,50.19,42.32,139.68,45.94
2026-03-06,667.14,597.71,116.4,113.73,84.16,55.47,49.96,150.83,168.59,49.23,41.88,136.8,45.78
2026-03-09,672.98,605.7,116.5,113.88,84.35,55.23,49.72,152.37,169.59,49.36,41.97,139.26,45.89
2026-03-10,671.9,605.71,116.32,113.73,84.1,54.52,49.45,151.27,168.67,49.25,41.91,139.26,45.61
2026-03-11,671.06,605.63,115.94,113.43,82.99,55.87,49.04,150.98,168.15,49.21,41.41,139.93,45.23
2026-03-12,660.87,595.23,114.23,110.83,82.66,56.39,48.24,148.32,163.93,49.05,41.15,137.35,45.55
2026-03-13,657.13,591.7,113.42,110.18,83.14,56.58,48.3,147.96,163.35,48.57,41.26,136.31,46.0
2026-03-16,663.81,598.34,114.29,111.51,83.37,56.77,48.7,149.16,164.75,48.77,41.58,138.28,46.29
2026-03-17,665.56,601.26,114.33,112.48,83.1,57.37,48.96,147.81,165.18,48.89,41.72,139.04,46.17
2026-03-18,656.27,592.88,112.63,109.89,81.08,57.29,48.38,145.34,163.87,47.87,41.03,137.46,45.77
2026-03-19,654.66,591.01,112.12,109.02,80.42,58.21,48.4,144.81,162.76,47.13,40.93,137.93,45.59
2026-03-20,645.3,580.08,111.22,107.07,79.75,58.16,48.49,143.55,160.39,46.38,39.64,134.8,43.74
2026-03-23,652.08,586.74,112.05,109.66,80.09,58.85,48.93,143.58,162.21,47.16,39.93,136.63,44.17
2026-03-24,649.89,582.73,110.48,109.22,80.02,60.05,48.94,143.6,163.16,48.05,39.61,135.83,44.48
2026-03-25,653.51,586.56,110.79,110.27,80.42,59.78,48.99,145.04,164.25,49.0,39.59,136.44,44.63
2026-03-26,641.84,572.56,108.17,108.37,80.05,60.72,48.71,144.55,160.44,48.68,39.61,132.19,44.71
2026-03-27,630.89,561.38,106.41,105.24,80.69,61.74,47.48,142.09,158.38,48.5,39.33,129.61,44.97
2026-03-30,628.79,557.09,107.33,105.22,80.78,61.15,48.02,142.64,155.81,48.68,39.53,127.2,45.29
2026-03-31,647.06,575.95,110.21,108.52,80.88,60.46,49.02,145.41,160.9,49.56,40.14,132.59,45.27
2026-04-01,651.94,583.06,110.59,109.34,80.37,58.2,49.09,146.52,163.59,50.04,40.26,134.59,45.48
2026-04-02,652.52,583.73,111.04,107.7,80.79,58.48,49.18,145.61,162.93,49.99,40.9,135.67,45.71
2026-04-06,655.61,587.24,111.1,108.58,81.55,58.9,49.53,145.08,163.77,49.8,41.05,136.46,45.54
2026-04-07,655.9,587.33,111.16,107.32,80.17,59.38,49.53,145.37,163.44,49.67,41.01,137.11,45.64
2026-04-08,672.6,604.79,113.14,110.36,81.67,57.29,50.84,148.44,169.57,51.32,41.72,141.36,46.14
2026-04-09,676.48,608.88,113.6,112.27,82.33,56.58,50.97,148.11,171.31,51.24,42.01,141.74,46.51
2026-04-10,676.04,609.76,113.28,112.42,81.27,56.2,50.41,146.1,170.64,51.53,42.09,142.28,46.32
2026-04-13,682.64,616.07,114.15,113.44,80.46,56.37,51.3,146.76,171.84,51.76,42.29,145.27,45.76
2026-04-14,690.96,627.26,115.88,115.95,80.38,55.22,51.42,147.61,172.46,51.58,42.69,147.59,45.84
2026-04-15,696.41,636.04,116.67,117.69,79.98,55.03,51.8,146.56,170.3,50.95,42.67,149.95,45.39
2026-04-16,698.12,639.1,118.13,117.14,80.34,55.84,51.67,145.41,169.46,51.32,43.07,151.66,45.72
2026-04-17,706.56,647.46,118.4,119.91,81.36,54.3,52.06,147.58,172.62,51.45,43.73,153.99,45.53
2026-04-20,705.15,645.41,118.05,119.37,81.29,54.35,52.26,146.21,173.01,51.8,43.88,154.2,45.13
2026-04-21,700.53,642.95,116.47,118.47,80.75,55.14,51.93,144.72,170.56,51.34,43.04,154.33,44.34
2026-04-22,707.63,653.71,117.19,118.43,81.01,55.8,51.84,145.18,170.16,51.4,42.72,157.72,44.26
2026-04-23,704.88,650.03,116.7,117.25,82.36,56.24,51.44,145.04,173.18,51.38,43.21,155.47,45.46
2026-04-24,710.34,662.46,114.86,118.19,82.12,56.13,51.06,143.0,171.59,51.49,43.09,159.84,45.55
2026-04-27,711.57,662.81,115.13,117.35,81.24,56.03,51.45,142.29,171.63,51.35,42.75,160.19,45.56
2026-04-28,708.1,656.14,115.07,116.52,81.97,56.96,51.49,142.66,170.1,50.97,43.17,157.48,45.62
2026-04-29,707.99,660.16,114.61,116.35,81.81,58.26,51.56,141.67,169.06,50.54,42.9,158.74,45.06
2026-04-30,715.04,666.31,115.83,117.85,83.18,58.87,51.77,144.79,173.68,51.04,43.65,159.12,46.21
2026-05-01,717.02,672.71,116.03,118.13,83.04,58.08,51.56,143.97,172.07,50.92,43.57,161.49,45.92
2026-05-04,714.39,671.44,115.42,117.23,82.42,58.62,51.22,143.54,170.1,50.23,43.33,161.67,45.74
2026-05-05,720.12,680.15,114.95,117.58,82.94,58.68,51.23,144.11,171.53,51.1,43.42,165.24,45.74
2026-05-06,730.13,694.28,116.66,119.37,83.11,56.26,51.48,144.21,175.96,51.98,43.98,169.63,45.09
2026-05-07,727.89,693.45,116.69,119.38,82.86,55.22,51.19,143.53,173.11,50.97,43.65,169.29,44.51
2026-05-08,733.9,709.71,116.25,119.7,83.05,54.97,50.88,142.31,172.31,51.16,43.66,175.11,44.11
2026-05-11,735.57,711.76,114.9,118.87,82.25,56.43,50.82,141.87,174.14,51.83,43.81,177.46,44.53
2026-05-12,734.46,705.73,115.18,117.8,83.31,56.82,51.22,144.66,173.46,51.71,43.82,174.79,44.57
2026-05-13,738.57,713.18,116.07,118.22,83.59,56.88,50.63,145.51,172.73,51.63,43.46,176.43,44.06
2026-05-14,744.4,718.25,116.42,118.17,83.84,57.31,50.93,145.43,173.62,51.24,43.17,179.08,44.29
2026-05-15,735.44,707.41,115.4,116.04,83.51,58.67,50.74,143.91,170.52,49.88,42.5,175.85,43.27
2026-05-18,734.93,704.37,116.29,115.83,84.75,59.79,51.38,144.53,169.87,49.8,43.01,173.95,43.34
2026-05-19,730.03,700.03,115.17,114.55,84.94,60.49,50.74,146.11,167.87,48.63,43.19,172.83,43.74
2026-05-20,737.51,711.62,115.42,117.45,84.38,59.02,51.3,145.93,169.85,49.31,43.68,176.72,43.9
2026-05-21,738.98,712.98,115.42,118.2,83.53,58.36,51.37,146.94,169.66,49.61,43.75,178.18,44.39
2026-05-22,741.88,716.01,114.78,118.68,83.67,58.71,51.58,148.66,170.89,49.87,43.8,179.97,44.73
2026-05-26,746.81,728.72,114.87,118.95,82.51,57.1,51.49,147.29,173.41,50.57,43.95,184.7,44.71
2026-05-27,746.68,727.89,115.58,121.04,83.45,56.25,51.06,147.57,173.41,50.76,43.87,184.0,44.53
2026-05-28,750.8,734.03,115.99,121.55,83.3,56.21,50.91,149.64,172.91,50.93,43.66,186.41,44.02
2026-05-29,752.67,736.73,115.01,120.36,81.8,55.56,51.22,148.25,172.24,50.73,43.24,190.57,43.82
2026-06-01,754.72,741.15,114.93,117.7,80.93,56.55,51.07,146.63,171.52,50.5,42.54,195.3,42.51
2026-06-02,755.74,744.56,112.9,117.1,80.74,57.2,51.1,145.2,173.3,51.09,42.75,197.74,43.3
2026-06-03,750.44,742.62,111.42,116.24,81.06,57.95,50.51,146.34,173.16,51.2,42.77,195.77,43.11
2026-06-04,753.27,739.03,112.45,116.77,80.94,57.98,51.82,150.83,175.26,51.19,43.65,192.72,43.34
2026-06-05,733.83,703.55,111.01,114.38,82.32,56.92,51.93,151.76,173.29,50.21,43.94,179.88,43.75
2026-06-08,735.49,714.54,110.44,114.91,81.96,57.57,51.61,151.4,172.74,49.55,43.28,183.75,42.93
2026-06-09,733.34,706.32,110.83,115.39,82.97,56.64,52.09,153.3,174.7,50.35,44.21,180.34,43.38
2026-06-10,721.77,692.21,110.36,113.02,84.35,57.49,51.86,151.6,168.79,49.19,44.23,176.21,43.4
2026-06-11,734.04,715.59,111.46,115.81,84.13,56.38,52.25,152.83,174.25,50.8,44.16,182.78,43.45
2026-06-12,738.01,719.8,110.99,116.11,84.67,56.8,52.97,152.55,175.28,51.75,44.59,184.37,43.92
2026-06-15,751.03,742.41,111.53,118.07,84.34,54.83,53.19,151.64,177.76,52.07,44.23,191.34,44.13
2026-06-16,746.55,728.3,111.66,117.96,84.45,54.64,53.97,151.69,178.93,52.28,44.34,186.0,44.45
2026-06-17,737.23,720.96,108.56,115.01,82.56,53.96,53.67,149.48,178.68,51.59,43.22,185.36,43.85
2026-06-18,744.89,739.04,108.81,116.67,82.19,53.07,53.2,148.18,179.98,51.38,43.12,190.99,44.15
2026-06-22,742.55,737.18,106.51,114.69,81.64,53.74,53.51,149.49,181.31,51.38,43.65,191.93,44.39
2026-06-23,731.76,712.91,106.92,113.51,83.17,54.14,53.69,151.6,177.67,50.64,44.27,183.98,44.74
2026-06-24,731.42,709.88,106.19,114.82,83.89,53.25,53.53,152.77,179.73,50.93,44.14,182.84,45.21
2026-06-25,732.48,715.63,105.23,113.1,83.39,53.77,53.26,155.04,183.63,51.6,44.22,184.36,45.51
2026-06-26,727.18,705.78,105.83,114.12,84.16,53.52,53.38,159.73,180.71,51.36,44.86,180.9,45.86
2026-06-29,739.16,723.33,107.53,116.86,83.82,53.26,53.53,160.13,182.27,50.43,44.55,185.19,45.68
2026-06-30,744.92,735.63,106.78,117.02,82.53,52.8,53.42,158.05,184.73,50.6,43.66,190.3,45.01
2026-07-01,743.91,724.41,109.38,117.83,82.76,52.5,54.59,158.93,182.87,50.79,43.81,185.4,44.44
2026-07-02,742.94,711.86,109.24,116.86,84.44,52.91,55.42,163.12,183.42,51.77,44.31,180.38,45.43
2026-07-06,749.42,722.07,109.85,117.75,83.55,52.82,55.94,161.34,185.06,51.74,43.92,183.36,44.97
2026-07-07,745.86,708.69,110.66,117.13,84.31,54.32,55.85,163.81,181.89,51.27,44.52,178.97,45.37
2026-07-08,743.55,710.7,109.1,115.05,83.84,55.27,54.78,161.68,179.94,49.93,43.78,181.19,45.03
2026-07-09,749.85,722.53,110.15,116.59,82.66,54.5,55.34,161.55,180.62,50.03,43.86,185.13,44.8
2026-07-10,753.08,724.75,111.27,116.98,83.57,54.75,55.51,160.23,181.43,50.66,44.08,185.56,45.08
2026-07-13,747.31,711.0,111.22,115.78,84.04,56.4,55.87,160.79,179.89,50.35,44.33,181.07,45.39
2026-07-14,749.97,718.94,111.08,115.65,82.88,56.61,55.98,157.69,179.97,50.41,44.11,183.41,45.36
2026-07-15,752.94,716.99,113.01,116.74,82.93,56.17,56.36,157.69,179.58,50.27,44.19,181.37,44.89
2026-07-16,748.86,705.2,112.28,117.08,85.25,56.68,56.55,161.18,179.67,50.66,45.08,177.31,45.14
2026-07-17,741.45,694.61,110.29,115.19,84.63,57.34,56.06,160.48,178.93,50.3,45.04,175.39,44.84
2026-07-20,740.25,695.34,110.44,114.36,84.31,57.6,55.84,158.64,177.64,49.8,44.85,175.51,44.61
2026-07-21,746.43,708.23,109.67,114.62,83.51,58.15,55.91,159.64,178.18,49.87,44.82,180.57,44.59
2026-07-22,745.56,704.62,108.84,113.77,83.83,58.85,55.85,158.82,178.37,50.59,44.63,180.06,45.59
2026-07-23,736.35,691.24,105.03,108.52,82.67,59.03,55.63,160.82,181.45,50.06,44.58,178.24,45.85
2026-07-24,737.1,683.52,105.95,109.17,83.58,59.27,56.11,161.95,182.17,51.03,45.57,175.68,45.95
2026-07-27,737.26,681.41,107.31,110.6,84.8,58.01,56.68,162.78,182.71,51.16,45.38,174.1,45.35
2026-07-28,739.03,674.79,109.31,112.23,86.49,57.23,57.4,166.62,182.0,52.1,45.63,170.89,45.19
2026-07-29,727.65,661.04,109.15,111.36,86.79,58.3,56.48,165.61,176.19,51.5,45.58,166.38,44.58
2026-07-30,739.85,682.84,106.23,112.14,84.91,58.61,56.8,162.9,177.91,51.4,44.92,175.53,44.33
2026-07-31,745.18,687.27,107.88,115.83,84.49,59.2,56.74,161.93,179.36,50.2,44.69,175.15,44.03
2026-08-03,755.79,699.34,110.97,117.95,84.31,58.44,57.18,161.62,182.67,50.78,44.8,177.83,44.04
2026-08-04,769.42,723.1,111.67,118.03,84.81,58.17,57.68,161.48,185.9,51.76,44.79,186.68,43.79
2026-08-05,767.88,716.55,110.51,118.38,84.77,56.97,57.8,163.53,185.85,52.4,44.82,185.69,43.34
2026-08-06,766.66,713.91,110.81,117.84,84.55,57.82,57.61,163.82,184.26,51.93,44.44,185.11,43.06
2026-08-07,771.34,722.28,110.88,119.6,84.56,57.16,57.4,165.05,184.68,52.62,44.6,187.75,43.29
2026-08-10,771.12,720.12,111.46,119.41,84.4,59.82,57.61,167.8,184.11,52.94,44.03,186.1,42.81
2026-08-11,768.65,717.7,110.9,118.98,84.14,60.57,57.6,167.37,185.2,53.0,43.71,185.87,43.31
2026-08-12,770.58,722.95,109.91,117.63,84.52,60.67,57.72,167.8,185.38,52.34,44.12,188.64,43.52
2026-08-13,775.95,731.31,112.18,118.19,85.44,60.7,58.06,167.74,185.29,52.07,44.74,190.55,43.72
2026-08-14,774.42,730.31,112.58,117.94,85.53,61.54,57.96,166.73,186.01,52.3,44.89,189.79,43.99
2026-08-17,770.76,729.11,110.46,116.49,84.13,62.21,57.38,166.41,185.82,52.0,44.46,190.1,43.86
2026-08-18,765.55,716.76,110.12,116.1,85.02,63.3,57.64,169.08,183.08,51.54,44.26,185.4,43.7
2026-08-19,767.16,715.33,110.95,118.33,85.97,63.2,57.28,175.01,181.46,52.28,44.61,183.43,43.7
2026-08-20,760.71,710.19,110.32,116.42,84.76,63.37,56.75,171.73,179.29,52.18,44.7,182.89,43.45
2026-08-21,763.82,712.7,111.03,117.76,85.43,63.26,57.28,173.95,179.77,53.3,44.7,183.1,42.46
2026-08-24,761.58,705.58,111.95,118.04,86.88,62.74,58.02,174.03,178.52,53.33,44.95,179.84,42.9
2026-08-25,764.01,709.98,112.81,117.69,85.96,61.69,58.1,174.62,177.92,53.33,44.98,181.53,42.99
2026-08-26,764.18,710.63,112.24,116.9,85.71,62.06,58.06,172.88,179.86,53.42,44.71,182.63,43.19
2026-08-27,769.19,720.36,111.04,115.63,84.52,61.92,57.68,170.93,178.32,52.99,44.29,188.39,42.86
2026-08-28,767.44,715.68,112.62,116.95,84.89,62.31,57.9,170.51,176.67,52.94,44.11,185.47,42.42
2026-08-31,765.15,716.01,111.09,116.33,84.43,63.58,57.51,169.89,174.66,52.45,43.74,186.28,41.92
2026-09-01,759.89,706.9,110.52,114.34,84.69,64.39,57.0,171.02,172.27,51.83,43.67,183.43,42.25
2026-09-02,763.26,708.5,112.05,114.61,84.97,64.72,57.46,172.29,172.32,52.71,43.37,183.39,42.36
2026-09-03,771.25,716.92,113.01,116.2,84.7,64.24,58.35,172.6,174.09,52.38,43.88,185.75,42.72
2026-09-04,768.28,718.21,111.66,114.66,84.03,63.68,57.9,170.8,174.8,52.2,43.56,187.06,42.77
2026-09-08,764.06,717.61,111.15,113.74,83.47,64.39,57.1,166.49,173.95,51.7,43.53,187.65,43.13
2026-09-09,760.51,715.56,110.47,112.21,82.51,64.92,56.86,165.94,171.33,51.16,43.05,187.65,42.63
2026-09-10,755.95,707.95,111.13,111.71,82.55,64.55,56.67,165.03,170.09,50.53,42.69,185.0,42.21
2026-09-11,762.4,714.14,112.23,112.71,82.84,64.75,57.05,164.73,171.91,50.72,43.06,187.45,42.08
2026-09-14,759.0,708.44,114.69,112.6,83.87,64.15,56.83,167.11,169.47,50.26,42.76,184.07,41.51
2026-09-15,755.51,703.81,113.66,110.64,83.18,65.54,56.65,167.02,168.4,50.5,42.71,183.53,41.02
2026-09-16,752.18,703.99,112.63,109.94,82.79,63.65,55.73,167.13,168.26,50.13,42.45,183.72,41.02
2026-09-17,760.71,716.17,111.98,111.15,82.94,64.1,55.68,168.17,168.56,50.48,42.58,187.84,41.39
2026-09-18,761.69,720.7,110.45,110.79,82.26,63.93,55.66,167.75,169.3,49.76,42.18,189.38,40.8
2026-09-21,773.5,741.47,114.75,112.23,81.92,62.46,55.9,169.01,169.98,49.71,42.59,194.85,40.66
2026-09-22,773.38,747.46,113.53,112.33,82.73,61.78,54.8,169.89,170.27,50.53,42.5,196.27,40.53
2026-09-23,767.81,741.21,112.56,110.65,82.43,62.37,54.54,168.8,170.1,50.28,41.84,195.34,39.75
2026-09-24,767.18,741.1,113.99,110.32,81.7,62.6,54.53,169.87,168.83,49.68,41.65,194.71,39.36
