Date,Symbol,Rank,combined_signal
2026-08-13,TEAM,1,68.8358
2026-08-13,U,2,67.5858
2026-08-13,SNOW,3,62.3529
2026-08-13,RBRK,4,60.7721
2026-08-13,GTLB,5,60.3799
2026-08-13,ANET,6,60.0
2026-08-13,PANW,7,59.2279
2026-08-13,UMAC,8,58.223
2026-08-13,VEEV,9,58.0882
2026-08-13,MDB,10,55.7966
2026-08-13,NBIS,11,53.75
2026-08-13,FTNT,12,52.3897
2026-08-13,CRDO,13,51.6789
2026-08-13,NOW,14,51.1029
2026-08-13,TWLO,15,51.0417
2026-08-13,MRK,16,50.9436
2026-08-13,SMCI,17,45.6618
2026-08-13,ZS,18,44.9632
2026-08-13,MRVL,19,43.3088
2026-08-13,COF,20,40.9028
2026-08-13,MSFT,21,40.4167
2026-08-13,CVLT,22,40.4044
2026-08-13,SHOP,23,40.3391
2026-08-13,REGN,24,38.9706
2026-08-13,DASH,25,35.7108
2026-08-13,LITE,26,34.4853
2026-08-13,CRM,27,34.0564
2026-08-13,APA,28,33.5458
2026-08-13,BIIB,29,33.0637
2026-08-13,FIG,30,32.6838
2026-08-13,AVGO,31,32.6838
2026-08-13,PH,32,32.1283
2026-08-13,C,33,31.6013
2026-08-13,ADBE,34,31.348
2026-08-13,LRCX,35,31.348
2026-08-13,NVDA,36,29.6446
2026-08-13,OXY,37,29.232
2026-08-13,ARM,38,28.9583
2026-08-13,MU,39,28.75
2026-08-13,AFRM,40,27.1528
2026-08-13,URI,41,26.6381
2026-08-13,CRWV,42,25.2819
2026-08-13,LMT,43,22.165
2026-08-13,ACHR,44,20.5596
2026-08-13,FANG,45,19.281
2026-08-13,MCK,46,18.6765
2026-08-13,INTU,47,17.9534
2026-08-13,SOFI,48,17.0425
2026-08-13,SLB,49,15.6413
2026-08-13,ALAB,50,15.6373
2026-08-13,TEM,51,14.902
2026-08-13,BKR,52,14.0359
2026-08-13,HOOD,53,13.8317
2026-08-13,BA,54,13.5498
2026-08-13,RCL,55,10.7557
2026-08-13,FCX,56,9.8529
2026-08-13,IONQ,57,9.7304
2026-08-13,CVNA,58,9.2116
2026-08-13,NVTS,59,9.1544
2026-08-13,SOUN,60,8.125
2026-08-13,CRCL,61,7.5613
2026-08-13,AMD,62,7.1814
2026-08-13,UBER,63,5.5351
2026-08-13,AVAV,64,5.1552
2026-08-13,DVN,65,4.857
2026-08-13,AMZN,66,3.942
2026-08-13,UNH,67,3.3333
2026-08-13,ORCL,68,3.1863
2026-08-13,LYB,69,3.1618
2026-08-13,TRGP,70,2.9085
2026-08-13,UI,71,-0.6495
2026-08-13,IREN,72,-1.4052
2026-08-13,NOC,73,-1.5972
2026-08-13,UPST,74,-1.732
2026-08-13,BE,75,-6.2173
2026-08-13,CLS,76,-8.1373
2026-08-13,HIMS,77,-9.8407
2026-08-13,RKLB,78,-13.0188
2026-08-13,AAPL,79,-13.7868
2026-08-13,APLD,80,-15.1103
2026-08-13,ENPH,81,-16.8995
2026-08-13,NFLX,82,-17.7083
2026-08-13,ASTS,83,-22.2917
2026-08-13,RDDT,84,-30.1838
2026-08-13,MSTR,85,-30.5147
2026-08-13,VRT,86,-32.0016
2026-08-13,JOBY,87,-32.3938
2026-08-13,GOOGL,88,-35.098
2026-08-13,META,89,-38.0025
2026-08-13,COIN,90,-38.5335
2026-08-13,CDNS,91,-39.8897
2026-08-13,MARA,92,-40.098
2026-08-13,HAL,93,-42.3489
2026-08-13,CIFR,94,-43.6397
2026-08-13,TSLA,95,-59.5016
2026-08-13,APP,96,-71.4828
2026-08-14,U,1,66.8219
2026-08-14,TEAM,2,62.8391
2026-08-14,UMAC,3,61.2337
2026-08-14,RBRK,4,59.9224
2026-08-14,NBIS,5,59.6895
2026-08-14,CRDO,6,57.4101
2026-08-14,GTLB,7,55.7557
2026-08-14,ANET,8,54.1258
2026-08-14,PANW,9,53.7949
2026-08-14,MDB,10,52.2141
2026-08-14,SNOW,11,51.3194
2026-08-14,TWLO,12,48.8562
2026-08-14,VEEV,13,47.594
2026-08-14,MRVL,14,47.0425
2026-08-14,APA,15,46.9567
2026-08-14,NOW,16,45.0449
2026-08-14,SMCI,17,44.9837
2026-08-14,MU,18,44.9592
2026-08-14,SHOP,19,41.7116
2026-08-14,MSFT,20,39.469
2026-08-14,COF,21,37.6552
2026-08-14,MRK,22,36.7525
2026-08-14,PH,23,36.3807
2026-08-14,DASH,24,36.1275
2026-08-14,URI,25,36.0498
2026-08-14,LITE,26,35.4739
2026-08-14,OXY,27,34.7631
2026-08-14,AMD,28,33.4886
2026-08-14,C,29,32.9371
2026-08-14,FTNT,30,32.643
2026-08-14,CVLT,31,32.4469
2026-08-14,BIIB,32,32.4142
2026-08-14,REGN,33,32.3284
2026-08-14,ZS,34,32.0425
2026-08-14,ARM,35,31.9812
2026-08-14,IONQ,36,31.3072
2026-08-14,LMT,37,29.8734
2026-08-14,FANG,38,29.5425
2026-08-14,TRGP,39,29.3464
2026-08-14,NVDA,40,28.9052
2026-08-14,BKR,41,27.116
2026-08-14,AFRM,42,26.5278
2026-08-14,SLB,43,25.4493
2026-08-14,FIG,44,24.2116
2026-08-14,BA,45,22.5082
2026-08-14,CRWV,46,21.6993
2026-08-14,MCK,47,19.7059
2026-08-14,CRM,48,19.7018
2026-08-14,ADBE,49,17.2018
2026-08-14,DVN,50,16.0376
2026-08-14,BE,51,15.5106
2026-08-14,SOFI,52,14.8366
2026-08-14,LRCX,53,14.7508
2026-08-14,AVAV,54,14.6528
2026-08-14,ALAB,55,13.9175
2026-08-14,NOC,56,13.5621
2026-08-14,CVNA,57,13.2802
2026-08-14,ACHR,58,13.0719
2026-08-14,FCX,59,10.6168
2026-08-14,NVTS,60,10.4126
2026-08-14,IREN,61,9.3587
2026-08-14,INTU,62,8.9542
2026-08-14,RDDT,63,8.7132
2026-08-14,SOUN,64,8.1087
2026-08-14,RCL,65,5.9641
2026-08-14,TEM,66,5.2083
2026-08-14,CRCL,67,5.143
2026-08-14,UBER,68,5.0327
2026-08-14,RKLB,69,4.9224
2026-08-14,AMZN,70,3.1087
2026-08-14,LYB,71,-0.0572
2026-08-14,HOOD,72,-4.5261
2026-08-14,ORCL,73,-4.808
2026-08-14,APLD,74,-7.5163
2026-08-14,AAPL,75,-8.656
2026-08-14,UPST,76,-9.0605
2026-08-14,HAL,77,-9.1953
2026-08-14,UNH,78,-9.2892
2026-08-14,VRT,79,-9.6119
2026-08-14,UI,80,-9.7835
2026-08-14,CLS,81,-12.3693
2026-08-14,AVGO,82,-15.9109
2026-08-14,NFLX,83,-20.4167
2026-08-14,ASTS,84,-20.6495
2026-08-14,HIMS,85,-22.9902
2026-08-14,JOBY,86,-27.8227
2026-08-14,ENPH,87,-28.8766
2026-08-14,GOOGL,88,-34.6814
2026-08-14,CIFR,89,-37.2958
2026-08-14,CDNS,90,-37.7124
2026-08-14,MSTR,91,-42.6021
2026-08-14,MARA,92,-43.3864
2026-08-14,META,93,-45.0368
2026-08-14,COIN,94,-49.4526
2026-08-14,TSLA,95,-55.1879
2026-08-14,APP,96,-72.7696
2026-08-17,UMAC,1,66.6871
2026-08-17,CRDO,2,57.9984
2026-08-17,U,3,57.9861
2026-08-17,TEAM,4,57.3611
2026-08-17,MU,5,57.3121
2026-08-17,NBIS,6,56.54
2026-08-17,RBRK,7,55.817
2026-08-17,GTLB,8,54.0891
2026-08-17,VEEV,9,53.3783
2026-08-17,ANET,10,53.1699
2026-08-17,SNOW,11,52.3611
2026-08-17,MRVL,12,50.6699
2026-08-17,SMCI,13,50.2288
2026-08-17,MDB,14,48.6724
2026-08-17,PANW,15,45.094
2026-08-17,TWLO,16,42.4837
2026-08-17,LRCX,17,39.5792
2026-08-17,URI,18,39.469
2026-08-17,APA,19,39.4281
2026-08-17,MRK,20,39.0441
2026-08-17,SHOP,21,35.6332
2026-08-17,COF,22,34.9224
2026-08-17,C,23,34.9101
2026-08-17,LITE,24,34.7018
2026-08-17,CVLT,25,34.6528
2026-08-17,ZS,26,34.469
2026-08-17,PH,27,33.942
2026-08-17,DASH,28,33.3946
2026-08-17,MSFT,29,31.7239
2026-08-17,REGN,30,31.6789
2026-08-17,NVDA,31,30.9641
2026-08-17,IONQ,32,29.1993
2026-08-17,BKR,33,28.0678
2026-08-17,BIIB,34,27.4755
2026-08-17,OXY,35,26.1928
2026-08-17,ACHR,36,25.4493
2026-08-17,SOFI,37,24.8979
2026-08-17,LMT,38,24.8366
2026-08-17,NOW,39,23.5498
2026-08-17,AMD,40,22.8636
2026-08-17,TRGP,41,21.4992
2026-08-17,CRWV,42,21.2582
2026-08-17,FCX,43,20.4453
2026-08-17,SLB,44,19.8938
2026-08-17,FANG,45,18.3252
2026-08-17,FTNT,46,17.8391
2026-08-17,BA,47,17.4714
2026-08-17,DVN,48,17.0997
2026-08-17,ARM,49,17.0792
2026-08-17,MCK,50,16.6667
2026-08-17,BE,51,15.094
2026-08-17,FIG,52,14.7141
2026-08-17,NVTS,53,13.3292
2026-08-17,ALAB,54,10.5351
2026-08-17,CRCL,55,8.7949
2026-08-17,CRM,56,8.1699
2026-08-17,LYB,57,7.5041
2026-08-17,AVAV,58,5.4126
2026-08-17,RKLB,59,4.7998
2026-08-17,TEM,60,4.4608
2026-08-17,IREN,61,3.5948
2026-08-17,INTU,62,2.2386
2026-08-17,AMZN,63,2.0425
2026-08-17,RCL,64,1.8342
2026-08-17,NOC,65,1.491
2026-08-17,UBER,66,1.2459
2026-08-17,AFRM,67,1.1111
2026-08-17,CLS,68,0.719
2026-08-17,HOOD,69,-0.1511
2026-08-17,ADBE,70,-0.8129
2026-08-17,CVNA,71,-3.7051
2026-08-17,UI,72,-6.8668
2026-08-17,APLD,73,-8.7908
2026-08-17,UNH,74,-11.8995
2026-08-17,SOUN,75,-12.5531
2026-08-17,HAL,76,-12.7533
2026-08-17,AAPL,77,-14.9673
2026-08-17,NFLX,78,-15.0858
2026-08-17,VRT,79,-15.2982
2026-08-17,AVGO,80,-16.7688
2026-08-17,ORCL,81,-18.031
2026-08-17,UPST,82,-18.7296
2026-08-17,HIMS,83,-20.2574
2026-08-17,ASTS,84,-22.4387
2026-08-17,JOBY,85,-26.4869
2026-08-17,MSTR,86,-26.5482
2026-08-17,CIFR,87,-29.0359
2026-08-17,RDDT,88,-29.375
2026-08-17,GOOGL,89,-32.0711
2026-08-17,ENPH,90,-33.4722
2026-08-17,CDNS,91,-36.0458
2026-08-17,MARA,92,-38.9869
2026-08-17,COIN,93,-50.1634
2026-08-17,META,94,-53.5417
2026-08-17,TSLA,95,-54.3546
2026-08-17,APP,96,-74.0196
2026-08-18,TEAM,1,66.5727
2026-08-18,UMAC,2,65.7149
2026-08-18,U,3,65.4085
2026-08-18,RBRK,4,60.7149
2026-08-18,NBIS,5,58.3987
2026-08-18,VEEV,6,56.156
2026-08-18,GTLB,7,56.1315
2026-08-18,SNOW,8,49.3913
2026-08-18,REGN,9,49.2034
2026-08-18,MDB,10,48.7173
2026-08-18,PANW,11,47.3448
2026-08-18,TWLO,12,45.9722
2026-08-18,MRK,13,43.8113
2026-08-18,ZS,14,43.4722
2026-08-18,CRDO,15,42.884
2026-08-18,MU,16,42.0874
2026-08-18,APA,17,41.9281
2026-08-18,BIIB,18,41.5564
2026-08-18,SMCI,19,39.8938
2026-08-18,DASH,20,39.375
2026-08-18,ANET,21,38.9747
2026-08-18,CVLT,22,38.1781
2026-08-18,COF,23,38.1168
2026-08-18,MRVL,24,37.9698
2026-08-18,FTNT,25,34.1708
2026-08-18,MSFT,26,33.0188
2026-08-18,LMT,27,31.8873
2026-08-18,TRGP,28,31.6217
2026-08-18,LRCX,29,31.2541
2026-08-18,MCK,30,29.3137
2026-08-18,SHOP,31,28.4886
2026-08-18,C,32,28.1291
2026-08-18,OXY,33,27.5531
2026-08-18,FANG,34,27.1364
2026-08-18,URI,35,26.7157
2026-08-18,BKR,36,25.7761
2026-08-18,NVDA,37,25.4698
2026-08-18,NOW,38,25.2859
2026-08-18,LITE,39,25.2737
2026-08-18,PH,40,24.9632
2026-08-18,FIG,41,23.3619
2026-08-18,DVN,42,21.3031
2026-08-18,CRM,43,20.3962
2026-08-18,FCX,44,19.9755
2026-08-18,SLB,45,19.3913
2026-08-18,ACHR,46,15.8578
2026-08-18,NOC,47,14.5343
2026-08-18,INTU,48,13.3129
2026-08-18,ADBE,49,11.6095
2026-08-18,LYB,50,10.0735
2026-08-18,AMD,51,7.9208
2026-08-18,ALAB,52,6.9404
2026-08-18,IONQ,53,5.3227
2026-08-18,AAPL,54,4.8203
2026-08-18,AMZN,55,3.317
2026-08-18,NVTS,56,2.835
2026-08-18,CRWV,57,2.6634
2026-08-18,ARM,58,2.3693
2026-08-18,AVAV,59,0.3431
2026-08-18,CRCL,60,0.2124
2026-08-18,SOFI,61,-0.2288
2026-08-18,RCL,62,-0.482
2026-08-18,UNH,63,-1.8995
2026-08-18,RKLB,64,-2.3897
2026-08-18,AFRM,65,-2.4101
2026-08-18,UBER,66,-3.9011
2026-08-18,UI,67,-6.7239
2026-08-18,BA,68,-8.5417
2026-08-18,BE,69,-9.2034
2026-08-18,NFLX,70,-9.7549
2026-08-18,HAL,71,-9.7998
2026-08-18,TEM,72,-13.8603
2026-08-18,SOUN,73,-13.9665
2026-08-18,HOOD,74,-14.4567
2026-08-18,HIMS,75,-14.473
2026-08-18,IREN,76,-17.8023
2026-08-18,ORCL,77,-19.4444
2026-08-18,AVGO,78,-24.665
2026-08-18,UPST,79,-25.1797
2026-08-18,ASTS,80,-30.6005
2026-08-18,VRT,81,-35.4779
2026-08-18,CVNA,82,-36.1193
2026-08-18,CDNS,83,-37.2508
2026-08-18,APLD,84,-37.741
2026-08-18,GOOGL,85,-39.5343
2026-08-18,MARA,86,-40.5842
2026-08-18,RDDT,87,-40.5882
2026-08-18,JOBY,88,-41.826
2026-08-18,ENPH,89,-42.6552
2026-08-18,CIFR,90,-43.0842
2026-08-18,MSTR,91,-46.0989
2026-08-18,CLS,92,-47.0302
2026-08-18,TSLA,93,-54.5874
2026-08-18,COIN,94,-58.2802
2026-08-18,META,95,-60.6618
2026-08-18,APP,96,-71.9363
2026-08-19,TEAM,1,64.0441
2026-08-19,U,2,62.1446
2026-08-19,UMAC,3,60.3676
2026-08-19,VEEV,4,58.75
2026-08-19,GTLB,5,57.2672
2026-08-19,RBRK,6,57.0343
2026-08-19,MRK,7,56.9771
2026-08-19,MRVL,8,49.9142
2026-08-19,SNOW,9,49.902
2026-08-19,REGN,10,48.1781
2026-08-19,TEM,11,47.2222
2026-08-19,MDB,12,44.2034
2026-08-19,FCX,13,43.8521
2026-08-19,BIIB,14,40.8252
2026-08-19,DASH,15,40.2083
2026-08-19,APA,16,40.0531
2026-08-19,NOW,17,40.0245
2026-08-19,PANW,18,38.6029
2026-08-19,TWLO,19,37.7941
2026-08-19,AFRM,20,37.3611
2026-08-19,TRGP,21,37.308
2026-08-19,URI,22,36.1846
2026-08-19,MSFT,23,35.7353
2026-08-19,SHOP,24,35.2247
2026-08-19,COF,25,34.6528
2026-08-19,CRM,26,32.8309
2026-08-19,FIG,27,31.4583
2026-08-19,SMCI,28,31.3971
2026-08-19,SOFI,29,30.192
2026-08-19,MU,30,28.7868
2026-08-19,PH,31,27.6307
2026-08-19,ZS,32,27.1936
2026-08-19,ANET,33,26.0662
2026-08-19,OXY,34,25.2614
2026-08-19,CRDO,35,24.9755
2026-08-19,HIMS,36,23.7296
2026-08-19,ADBE,37,23.4191
2026-08-19,ACHR,38,23.1209
2026-08-19,UBER,39,22.9453
2026-08-19,LYB,40,22.5041
2026-08-19,AMZN,41,21.781
2026-08-19,BKR,42,21.2786
2026-08-19,SLB,43,20.9845
2026-08-19,DVN,44,20.8864
2026-08-19,FANG,45,20.6536
2026-08-19,NBIS,46,20.6005
2026-08-19,LMT,47,19.567
2026-08-19,NVDA,48,17.7083
2026-08-19,FTNT,49,16.1029
2026-08-19,AAPL,50,15.2819
2026-08-19,INTU,51,14.951
2026-08-19,NOC,52,14.3709
2026-08-19,CVLT,53,13.701
2026-08-19,RCL,54,9.4036
2026-08-19,UI,55,7.7328
2026-08-19,MCK,56,6.9036
2026-08-19,C,57,6.7606
2026-08-19,UPST,58,5.8538
2026-08-19,CVNA,59,5.4208
2026-08-19,HOOD,60,4.1993
2026-08-19,BA,61,2.8023
2026-08-19,LITE,62,1.5074
2026-08-19,CRCL,63,1.3113
2026-08-19,HAL,64,-1.1969
2026-08-19,AVAV,65,-1.4869
2026-08-19,UNH,66,-1.969
2026-08-19,LRCX,67,-3.7623
2026-08-19,ALAB,68,-4.2647
2026-08-19,AMD,69,-4.6569
2026-08-19,IONQ,70,-6.0172
2026-08-19,NVTS,71,-6.8873
2026-08-19,NFLX,72,-10.6005
2026-08-19,BE,73,-11.634
2026-08-19,ARM,74,-12.4142
2026-08-19,COIN,75,-12.5286
2026-08-19,SOUN,76,-13.8725
2026-08-19,IREN,77,-14.3464
2026-08-19,RKLB,78,-14.6977
2026-08-19,MSTR,79,-15.2696
2026-08-19,CRWV,80,-17.2672
2026-08-19,ORCL,81,-21.0172
2026-08-19,ENPH,82,-29.8775
2026-08-19,MARA,83,-32.9534
2026-08-19,JOBY,84,-33.3987
2026-08-19,VRT,85,-35.8497
2026-08-19,TSLA,86,-38.5253
2026-08-19,AVGO,87,-39.5588
2026-08-19,ASTS,88,-39.5588
2026-08-19,CDNS,89,-44.4975
2026-08-19,APLD,90,-46.0294
2026-08-19,GOOGL,91,-47.0956
2026-08-19,CIFR,92,-50.7475
2026-08-19,RDDT,93,-51.5809
2026-08-19,CLS,94,-58.2353
2026-08-19,META,95,-62.7451
2026-08-19,APP,96,-75.2696
2026-08-20,TEAM,1,64.9469
2026-08-20,GTLB,2,60.4861
2026-08-20,VEEV,3,58.6111
2026-08-20,U,4,55.0694
2026-08-20,MRK,5,53.8276
2026-08-20,UMAC,6,52.0547
2026-08-20,TEM,7,50.433
2026-08-20,APA,8,50.2614
2026-08-20,NOW,9,50.1552
2026-08-20,REGN,10,49.5507
2026-08-20,MRVL,11,49.2361
2026-08-20,BIIB,12,47.9698
2026-08-20,TRGP,13,47.7247
2026-08-20,SNOW,14,46.8219
2026-08-20,RBRK,15,46.2827
2026-08-20,FIG,16,45.6944
2026-08-20,FCX,17,44.2157
2026-08-20,TWLO,18,43.0719
2026-08-20,MU,19,42.5817
2026-08-20,DASH,20,40.7802
2026-08-20,HIMS,21,40.5188
2026-08-20,MDB,22,40.3881
2026-08-20,SHOP,23,36.2663
2026-08-20,MSFT,24,35.8047
2026-08-20,PANW,25,34.3709
2026-08-20,CRM,26,34.1503
2026-08-20,OXY,27,33.8031
2026-08-20,LYB,28,33.4559
2026-08-20,ADBE,29,32.9248
2026-08-20,DVN,30,32.5531
2026-08-20,FANG,31,31.7198
2026-08-20,SLB,32,29.3178
2026-08-20,SMCI,33,27.7655
2026-08-20,UBER,34,26.6953
2026-08-20,ANET,35,25.2042
2026-08-20,COF,36,23.5376
2026-08-20,SOFI,37,22.4224
2026-08-20,NBIS,38,20.4616
2026-08-20,BKR,39,20.4085
2026-08-20,AMZN,40,20.2002
2026-08-20,LITE,41,18.5131
2026-08-20,NVDA,42,18.4028
2026-08-20,CVNA,43,18.2761
2026-08-20,ZS,44,16.6748
2026-08-20,INTU,45,16.4788
2026-08-20,FTNT,46,16.1724
2026-08-20,LMT,47,15.5882
2026-08-20,URI,48,13.4069
2026-08-20,HAL,49,12.0384
2026-08-20,PH,50,11.5931
2026-08-20,CRDO,51,10.6822
2026-08-20,CRCL,52,9.2974
2026-08-20,AAPL,53,7.9003
2026-08-20,CVLT,54,6.1234
2026-08-20,AFRM,55,6.0743
2026-08-20,ACHR,56,3.1005
2026-08-20,MCK,57,-0.7802
2026-08-20,NFLX,58,-1.2051
2026-08-20,COIN,59,-1.3766
2026-08-20,HOOD,60,-1.5727
2026-08-20,LRCX,61,-1.6953
2026-08-20,C,62,-4.5507
2026-08-20,UI,63,-4.7835
2026-08-20,UNH,64,-8.0596
2026-08-20,NVTS,65,-8.3007
2026-08-20,AMD,66,-9.6119
2026-08-20,MSTR,67,-10.531
2026-08-20,NOC,68,-11.1397
2026-08-20,IREN,69,-12.1773
2026-08-20,ALAB,70,-12.5408
2026-08-20,MARA,71,-12.8717
2026-08-20,RCL,72,-12.9371
2026-08-20,SOUN,73,-14.2198
2026-08-20,IONQ,74,-14.5139
2026-08-20,ARM,75,-20.5065
2026-08-20,UPST,76,-21.2051
2026-08-20,CRWV,77,-21.5972
2026-08-20,ORCL,78,-22.9453
2026-08-20,BE,79,-29.2647
2026-08-20,RKLB,80,-36.826
2026-08-20,AVAV,81,-38.5049
2026-08-20,AVGO,82,-39.4894
2026-08-20,CIFR,83,-40.9355
2026-08-20,BA,84,-41.4828
2026-08-20,TSLA,85,-42.9371
2026-08-20,CDNS,86,-44.4281
2026-08-20,ENPH,87,-45.2247
2026-08-20,APLD,88,-45.7516
2026-08-20,GOOGL,89,-46.1928
2026-08-20,VRT,90,-47.2059
2026-08-20,JOBY,91,-47.6716
2026-08-20,ASTS,92,-48.6315
2026-08-20,RDDT,93,-50.7026
2026-08-20,CLS,94,-55.0163
2026-08-20,META,95,-59.759
2026-08-20,APP,96,-73.9502
2026-08-21,U,1,63.656
2026-08-21,TEAM,2,59.2443
2026-08-21,TEM,3,57.9698
2026-08-21,RBRK,4,54.5507
2026-08-21,VEEV,5,54.4894
2026-08-21,MRK,6,54.4771
2026-08-21,MRVL,7,51.3399
2026-08-21,FCX,8,51.3358
2026-08-21,GTLB,9,51.2051
2026-08-21,SNOW,10,50.7884
2026-08-21,NOW,11,49.5997
2026-08-21,APA,12,49.3423
2026-08-21,REGN,13,47.6757
2026-08-21,UMAC,14,47.0997
2026-08-21,DASH,15,47.0302
2026-08-21,BIIB,16,45.8864
2026-08-21,TWLO,17,44.4158
2026-08-21,HIMS,18,44.1953
2026-08-21,FIG,19,43.7786
2026-08-21,MDB,20,41.4992
2026-08-21,TRGP,21,41.2418
2026-08-21,SHOP,22,40.8047
2026-08-21,HOOD,23,39.906
2026-08-21,PANW,24,37.259
2026-08-21,ANET,25,35.8742
2026-08-21,COF,26,35.3717
2026-08-21,CRM,27,34.8448
2026-08-21,MSFT,28,33.3742
2026-08-21,AFRM,29,33.2149
2026-08-21,OXY,30,31.5114
2026-08-21,ADBE,31,30.8864
2026-08-21,DVN,32,30.8864
2026-08-21,FANG,33,30.5678
2026-08-21,LYB,34,29.9142
2026-08-21,SMCI,35,29.5261
2026-08-21,ZS,36,29.4158
2026-08-21,SLB,37,29.2198
2026-08-21,MU,38,29.0482
2026-08-21,UBER,39,28.942
2026-08-21,CRCL,40,25.4208
2026-08-21,SOFI,41,24.6487
2026-08-21,INTU,42,23.8399
2026-08-21,MCK,43,18.1291
2026-08-21,BKR,44,13.5948
2026-08-21,NBIS,45,13.4477
2026-08-21,AMZN,46,12.2631
2026-08-21,HAL,47,11.7443
2026-08-21,UPST,48,11.4624
2026-08-21,CVLT,49,11.0335
2026-08-21,PH,50,10.3431
2026-08-21,NVDA,51,10.2002
2026-08-21,URI,52,9.2647
2026-08-21,COIN,53,8.9379
2026-08-21,FTNT,54,8.4722
2026-08-21,IONQ,55,7.7859
2026-08-21,ACHR,56,7.1814
2026-08-21,SOUN,57,5.9967
2026-08-21,LITE,58,5.6536
2026-08-21,CVNA,59,5.094
2026-08-21,LMT,60,2.4265
2026-08-21,CRDO,61,1.9771
2026-08-21,MARA,62,-0.29
2026-08-21,NFLX,63,-0.8129
2026-08-21,AAPL,64,-1.1356
2026-08-21,LRCX,65,-1.6013
2026-08-21,C,66,-3.4273
2026-08-21,MSTR,67,-3.5498
2026-08-21,NVTS,68,-3.8317
2026-08-21,UNH,69,-5.3268
2026-08-21,RCL,70,-8.2639
2026-08-21,AMD,71,-8.6969
2026-08-21,TSLA,72,-8.9747
2026-08-21,ORCL,73,-14.4812
2026-08-21,IREN,74,-22.1528
2026-08-21,ALAB,75,-22.3121
2026-08-21,NOC,76,-24.6569
2026-08-21,ASTS,77,-25.3227
2026-08-21,CRWV,78,-25.4861
2026-08-21,UI,79,-26.8464
2026-08-21,ARM,80,-27.3121
2026-08-21,AVGO,81,-28.8072
2026-08-21,GOOGL,82,-29.5752
2026-08-21,RKLB,83,-35.1593
2026-08-21,BE,84,-39.0441
2026-08-21,AVAV,85,-39.1054
2026-08-21,CDNS,86,-39.6283
2026-08-21,RDDT,87,-40.6781
2026-08-21,BA,88,-41.6912
2026-08-21,ENPH,89,-42.8391
2026-08-21,VRT,90,-44.6814
2026-08-21,JOBY,91,-49.1544
2026-08-21,META,92,-49.5261
2026-08-21,CIFR,93,-51.442
2026-08-21,APLD,94,-53.4273
2026-08-21,CLS,95,-53.8807
2026-08-21,APP,96,-66.4502
2026-08-24,TEM,1,57.3284
2026-08-24,GTLB,2,57.2835
2026-08-24,TEAM,3,56.9281
2026-08-24,VEEV,4,55.7394
2026-08-24,RBRK,5,51.7075
2026-08-24,U,6,51.3644
2026-08-24,HOOD,7,50.7435
2026-08-24,FCX,8,50.4493
2026-08-24,SHOP,9,49.2157
2026-08-24,SNOW,10,48.3742
2026-08-24,DASH,11,48.3497
2026-08-24,NOW,12,46.6585
2026-08-24,FIG,13,45.2369
2026-08-24,TWLO,14,43.9992
2026-08-24,REGN,15,43.8725
2026-08-24,APA,16,43.8072
2026-08-24,TRGP,17,42.3366
2026-08-24,BIIB,18,41.5564
2026-08-24,UMAC,19,40.2859
2026-08-24,MSFT,20,40.1634
2026-08-24,MRVL,21,39.6732
2026-08-24,MDB,22,39.281
2026-08-24,MRK,23,38.9338
2026-08-24,UBER,24,36.2868
2026-08-24,ANET,25,35.1266
2026-08-24,CRM,26,33.3619
2026-08-24,PANW,27,33.1781
2026-08-24,CVNA,28,33.0392
2026-08-24,AFRM,29,32.2876
2026-08-24,ADBE,30,31.7198
2026-08-24,MCK,31,30.1716
2026-08-24,HIMS,32,29.3382
2026-08-24,CRCL,33,27.2958
2026-08-24,OXY,34,27.0425
2026-08-24,DVN,35,26.8342
2026-08-24,SLB,36,25.1062
2026-08-24,LYB,37,24.1136
2026-08-24,FANG,38,23.7949
2026-08-24,COF,39,22.9126
2026-08-24,SOFI,40,21.6626
2026-08-24,AMZN,41,21.1887
2026-08-24,INTU,42,20.482
2026-08-24,PH,43,19.2647
2026-08-24,SMCI,44,18.4109
2026-08-24,ZS,45,17.5531
2026-08-24,MU,46,17.3938
2026-08-24,NBIS,47,16.009
2026-08-24,COIN,48,15.3881
2026-08-24,FTNT,49,7.2222
2026-08-24,CVLT,50,5.1511
2026-08-24,ACHR,51,2.6838
2026-08-24,LRCX,52,1.3154
2026-08-24,BKR,53,0.5229
2026-08-24,CRDO,54,0.5065
2026-08-24,MSTR,55,0.4085
2026-08-24,C,56,-0.7639
2026-08-24,NFLX,57,-0.9518
2026-08-24,AAPL,58,-1.2459
2026-08-24,UNH,59,-1.4828
2026-08-24,HAL,60,-1.5359
2026-08-24,UPST,61,-1.634
2026-08-24,LITE,62,-2.1283
2026-08-24,LMT,63,-3.4436
2026-08-24,URI,64,-5.2083
2026-08-24,SOUN,65,-7.018
2026-08-24,MARA,66,-8.1699
2026-08-24,AMD,67,-9.9469
2026-08-24,RCL,68,-10.6618
2026-08-24,GOOGL,69,-11.969
2026-08-24,IONQ,70,-12.2508
2026-08-24,NVDA,71,-12.79
2026-08-24,TSLA,72,-14.0686
2026-08-24,ALAB,73,-17.7042
2026-08-24,ORCL,74,-18.5866
2026-08-24,NVTS,75,-23.1577
2026-08-24,ARM,76,-23.7459
2026-08-24,BE,77,-24.6201
2026-08-24,CRWV,78,-27.0915
2026-08-24,NOC,79,-28.4191
2026-08-24,IREN,80,-29.2565
2026-08-24,UI,81,-35.241
2026-08-24,RDDT,82,-39.2484
2026-08-24,AVGO,83,-41.7239
2026-08-24,CDNS,84,-43.2067
2026-08-24,BA,85,-44.1912
2026-08-24,RKLB,86,-48.174
2026-08-24,AVAV,87,-48.5172
2026-08-24,ASTS,88,-48.5989
2026-08-24,META,89,-48.8317
2026-08-24,VRT,90,-50.3309
2026-08-24,ENPH,91,-50.9273
2026-08-24,APLD,92,-51.7606
2026-08-24,JOBY,93,-52.1078
2026-08-24,CIFR,94,-52.692
2026-08-24,CLS,95,-53.6724
2026-08-24,APP,96,-68.2802
2026-08-25,SHOP,1,60.5556
2026-08-25,TEM,2,57.7451
2026-08-25,MRVL,3,55.1879
2026-08-25,MRK,4,53.9216
2026-08-25,REGN,5,53.3088
2026-08-25,U,6,50.1021
2026-08-25,HOOD,7,49.8284
2026-08-25,TEAM,8,49.7835
2026-08-25,VEEV,9,49.3423
2026-08-25,DASH,10,48.9747
2026-08-25,MSFT,11,48.7663
2026-08-25,GTLB,12,48.4722
2026-08-25,BIIB,13,45.8333
2026-08-25,MDB,14,45.5801
2026-08-25,FCX,15,45.1716
2026-08-25,SNOW,16,45.1266
2026-08-25,UMAC,17,44.5016
2026-08-25,NOW,18,43.4232
2026-08-25,UBER,19,43.0923
2026-08-25,TWLO,20,42.7492
2026-08-25,RBRK,21,42.0752
2026-08-25,FIG,22,41.2786
2026-08-25,ANET,23,38.5825
2026-08-25,TRGP,24,37.8676
2026-08-25,MCK,25,37.3775
2026-08-25,APA,26,35.2451
2026-08-25,CVNA,27,35.1144
2026-08-25,SMCI,28,33.7786
2026-08-25,CRM,29,32.2345
2026-08-25,AFRM,30,31.5564
2026-08-25,CRCL,31,30.0899
2026-08-25,ADBE,32,28.5948
2026-08-25,HIMS,33,27.6838
2026-08-25,AMZN,34,27.1609
2026-08-25,NBIS,35,26.8913
2026-08-25,SOFI,36,25.1961
2026-08-25,LITE,37,23.9257
2026-08-25,DVN,38,21.826
2026-08-25,MU,39,20.5556
2026-08-25,PH,40,20.3064
2026-08-25,PANW,41,19.5384
2026-08-25,COIN,42,18.701
2026-08-25,OXY,43,17.9534
2026-08-25,SLB,44,17.5
2026-08-25,COF,45,17.2426
2026-08-25,INTU,46,14.8203
2026-08-25,NVDA,47,11.634
2026-08-25,CRDO,48,11.1928
2026-08-25,ZS,49,8.9992
2026-08-25,FTNT,50,8.2639
2026-08-25,FANG,51,6.299
2026-08-25,MSTR,52,6.1683
2026-08-25,LRCX,53,5.3962
2026-08-25,NFLX,54,4.5997
2026-08-25,CVLT,55,3.6928
2026-08-25,BE,56,2.451
2026-08-25,UPST,57,1.201
2026-08-25,UNH,58,-0.2328
2026-08-25,LYB,59,-0.9681
2026-08-25,AAPL,60,-1.1356
2026-08-25,C,61,-1.2132
2026-08-25,ACHR,62,-2.1324
2026-08-25,AMD,63,-3.8685
2026-08-25,TSLA,64,-3.9052
2026-08-25,MARA,65,-4.2116
2026-08-25,URI,66,-4.7672
2026-08-25,RCL,67,-7.7042
2026-08-25,LMT,68,-8.0637
2026-08-25,UI,69,-8.7949
2026-08-25,CDNS,70,-9.0891
2026-08-25,BKR,71,-9.5833
2026-08-25,SOUN,72,-11.6258
2026-08-25,IONQ,73,-12.1283
2026-08-25,ORCL,74,-15.7557
2026-08-25,NVTS,75,-17.6797
2026-08-25,IREN,76,-18.5417
2026-08-25,CRWV,77,-18.7092
2026-08-25,ALAB,78,-20.0204
2026-08-25,RDDT,79,-20.9886
2026-08-25,HAL,80,-22.9167
2026-08-25,ARM,81,-24.1626
2026-08-25,GOOGL,82,-25.2778
2026-08-25,APLD,83,-31.7606
2026-08-25,NOC,84,-41.4338
2026-08-25,BA,85,-43.5662
2026-08-25,META,86,-44.3219
2026-08-25,AVGO,87,-45.4984
2026-08-25,VRT,88,-47.1814
2026-08-25,RKLB,89,-48.9828
2026-08-25,ASTS,90,-48.991
2026-08-25,AVAV,91,-50.6005
2026-08-25,CIFR,92,-52.4837
2026-08-25,CLS,93,-54.4199
2026-08-25,JOBY,94,-55.8578
2026-08-25,ENPH,95,-56.1601
2026-08-25,APP,96,-58.4028
2026-08-26,MRVL,1,58.4681
2026-08-26,TEAM,2,56.3358
2026-08-26,RBRK,3,53.75
2026-08-26,U,4,53.0882
2026-08-26,MSFT,5,51.5441
2026-08-26,GTLB,6,51.3603
2026-08-26,TWLO,7,50.4412
2026-08-26,VEEV,8,49.8162
2026-08-26,ANET,9,49.6078
2026-08-26,HOOD,10,48.799
2026-08-26,TEM,11,48.3742
2026-08-26,FCX,12,47.3775
2026-08-26,TRGP,13,45.4371
2026-08-26,LITE,14,45.0123
2026-08-26,MDB,15,44.3627
2026-08-26,SNOW,16,43.174
2026-08-26,DASH,17,40.241
2026-08-26,UMAC,18,39.5098
2026-08-26,MRK,19,39.3056
2026-08-26,NOW,20,38.4681
2026-08-26,APA,21,38.2312
2026-08-26,BIIB,22,37.6389
2026-08-26,FIG,23,37.3897
2026-08-26,PH,24,36.25
2026-08-26,SHOP,25,35.2165
2026-08-26,REGN,26,32.7247
2026-08-26,NBIS,27,31.7525
2026-08-26,SMCI,28,30.1838
2026-08-26,FTNT,29,28.6765
2026-08-26,MCK,30,28.4722
2026-08-26,CRM,31,27.9044
2026-08-26,CRCL,32,27.6961
2026-08-26,MU,33,26.5441
2026-08-26,SLB,34,25.7312
2026-08-26,SOFI,35,24.8775
2026-08-26,UBER,36,23.9542
2026-08-26,DVN,37,22.1895
2026-08-26,OXY,38,21.7729
2026-08-26,ADBE,39,21.7402
2026-08-26,ZS,40,20.527
2026-08-26,CVNA,41,20.0694
2026-08-26,PANW,42,17.7083
2026-08-26,CVLT,43,17.5123
2026-08-26,CRDO,44,16.7647
2026-08-26,AFRM,45,15.4167
2026-08-26,COF,46,14.8407
2026-08-26,COIN,47,12.9657
2026-08-26,AMZN,48,12.5082
2026-08-26,AAPL,49,12.451
2026-08-26,MSTR,50,11.8995
2026-08-26,LRCX,51,6.348
2026-08-26,UI,52,5.098
2026-08-26,BE,53,4.424
2026-08-26,INTU,54,4.2157
2026-08-26,LYB,55,3.6152
2026-08-26,HAL,56,3.4641
2026-08-26,UPST,57,2.2426
2026-08-26,FANG,58,2.1405
2026-08-26,AMD,59,2.0343
2026-08-26,C,60,1.6176
2026-08-26,NFLX,61,1.1111
2026-08-26,BKR,62,-0.2002
2026-08-26,NVDA,63,-1.0049
2026-08-26,ORCL,64,-1.9608
2026-08-26,LMT,65,-2.8309
2026-08-26,ACHR,66,-3.3824
2026-08-26,HIMS,67,-4.518
2026-08-26,URI,68,-5.4167
2026-08-26,SOUN,69,-5.9069
2026-08-26,UNH,70,-6.0131
2026-08-26,NVTS,71,-6.7402
2026-08-26,CDNS,72,-9.2525
2026-08-26,ALAB,73,-9.6324
2026-08-26,MARA,74,-11.8995
2026-08-26,ARM,75,-15.2206
2026-08-26,CRWV,76,-16.2623
2026-08-26,IONQ,77,-16.5809
2026-08-26,IREN,78,-20.8987
2026-08-26,NOC,79,-25.4779
2026-08-26,RCL,80,-29.3913
2026-08-26,TSLA,81,-31.4747
2026-08-26,GOOGL,82,-35.4943
2026-08-26,ENPH,83,-39.2279
2026-08-26,META,84,-41.6217
2026-08-26,APLD,85,-43.9461
2026-08-26,RDDT,86,-44.9428
2026-08-26,AVGO,87,-45.0368
2026-08-26,VRT,88,-45.4289
2026-08-26,CIFR,89,-45.5147
2026-08-26,RKLB,90,-47.3162
2026-08-26,CLS,91,-51.0172
2026-08-26,BA,92,-52.1446
2026-08-26,AVAV,93,-52.8922
2026-08-26,JOBY,94,-59.8529
2026-08-26,ASTS,95,-60.7884
2026-08-26,APP,96,-69.8693
2026-08-27,TEAM,1,69.6691
2026-08-27,VEEV,2,61.6544
2026-08-27,RBRK,3,61.5074
2026-08-27,TWLO,4,61.0417
2026-08-27,MRVL,5,58.2598
2026-08-27,GTLB,6,57.5613
2026-08-27,ANET,7,54.1422
2026-08-27,MDB,8,52.6716
2026-08-27,PANW,9,52.5245
2026-08-27,CRM,10,51.2132
2026-08-27,TEM,11,51.009
2026-08-27,LITE,12,50.4534
2026-08-27,U,13,49.5466
2026-08-27,MSFT,14,48.8358
2026-08-27,HOOD,15,48.2149
2026-08-27,SNOW,16,44.8162
2026-08-27,NOW,17,44.4608
2026-08-27,CVLT,18,43.3701
2026-08-27,MRK,19,43.1168
2026-08-27,FTNT,20,42.3039
2026-08-27,CRDO,21,40.5637
2026-08-27,FCX,22,40.1757
2026-08-27,DASH,23,39.5302
2026-08-27,ZS,24,39.2157
2026-08-27,UMAC,25,38.6152
2026-08-27,BIIB,26,38.2639
2026-08-27,HIMS,27,37.6757
2026-08-27,FIG,28,37.5613
2026-08-27,SHOP,29,36.1724
2026-08-27,SMCI,30,35.3309
2026-08-27,APA,31,35.2819
2026-08-27,NVDA,32,35.049
2026-08-27,TRGP,33,32.2059
2026-08-27,CRCL,34,29.7059
2026-08-27,NBIS,35,29.1299
2026-08-27,REGN,36,28.4355
2026-08-27,MU,37,28.0025
2026-08-27,MCK,38,25.8374
2026-08-27,ADBE,39,25.3309
2026-08-27,SOFI,40,25.3105
2026-08-27,AFRM,41,24.5752
2026-08-27,SLB,42,24.2892
2026-08-27,LRCX,43,21.0417
2026-08-27,COIN,44,20.0899
2026-08-27,MSTR,45,19.2034
2026-08-27,OXY,46,18.7255
2026-08-27,COF,47,18.5458
2026-08-27,DVN,48,17.7696
2026-08-27,PH,49,17.3652
2026-08-27,ALAB,50,15.8824
2026-08-27,CVNA,51,13.3783
2026-08-27,AAPL,52,12.2549
2026-08-27,UBER,53,10.1307
2026-08-27,MARA,54,9.4608
2026-08-27,BE,55,7.0466
2026-08-27,CDNS,56,6.8015
2026-08-27,SOUN,57,6.7892
2026-08-27,HAL,58,5.527
2026-08-27,LYB,59,3.5703
2026-08-27,AMZN,60,3.2802
2026-08-27,FANG,61,2.7574
2026-08-27,UI,62,2.4877
2026-08-27,AMD,63,2.4755
2026-08-27,BKR,64,1.4583
2026-08-27,INTU,65,1.3235
2026-08-27,ORCL,66,-0.6863
2026-08-27,C,67,-1.9322
2026-08-27,LMT,68,-2.2917
2026-08-27,NFLX,69,-4.3056
2026-08-27,ARM,70,-4.6324
2026-08-27,ACHR,71,-5.6863
2026-08-27,UNH,72,-7.3856
2026-08-27,UPST,73,-8.8317
2026-08-27,NVTS,74,-13.8603
2026-08-27,CRWV,75,-14.6814
2026-08-27,URI,76,-15.0613
2026-08-27,IREN,77,-15.9314
2026-08-27,IONQ,78,-18.9706
2026-08-27,TSLA,79,-19.4158
2026-08-27,VRT,80,-23.9951
2026-08-27,AVGO,81,-26.4706
2026-08-27,CIFR,82,-29.5588
2026-08-27,CLS,83,-33.7132
2026-08-27,ENPH,84,-36.924
2026-08-27,NOC,85,-38.8113
2026-08-27,APLD,86,-39.375
2026-08-27,AVAV,87,-40.1225
2026-08-27,RKLB,88,-41.6667
2026-08-27,RCL,89,-42.7124
2026-08-27,GOOGL,90,-43.3497
2026-08-27,RDDT,91,-47.5286
2026-08-27,META,92,-47.6021
2026-08-27,BA,93,-53.6029
2026-08-27,ASTS,94,-53.8889
2026-08-27,JOBY,95,-57.3529
2026-08-27,APP,96,-66.7075
2026-08-28,TEAM,1,67.308
2026-08-28,GTLB,2,64.6242
2026-08-28,TWLO,3,61.2786
2026-08-28,VEEV,4,60.3227
2026-08-28,DASH,5,59.3056
2026-08-28,MDB,6,54.6855
2026-08-28,CRM,7,54.0605
2026-08-28,PANW,8,52.9943
2026-08-28,ANET,9,52.3203
2026-08-28,NOW,10,51.5605
2026-08-28,FTNT,11,47.9085
2026-08-28,SNOW,12,47.5776
2026-08-28,U,13,46.6462
2026-08-28,ZS,14,45.8129
2026-08-28,RBRK,15,45.4208
2026-08-28,MSFT,16,43.8521
2026-08-28,TEM,17,43.1127
2026-08-28,MRK,18,42.3284
2026-08-28,LITE,19,42.259
2026-08-28,APA,20,42.0752
2026-08-28,HOOD,21,41.1765
2026-08-28,FIG,22,40.531
2026-08-28,SHOP,23,39.5752
2026-08-28,TRGP,24,38.7051
2026-08-28,FCX,25,38.1618
2026-08-28,SLB,26,38.0556
2026-08-28,BIIB,27,34.7672
2026-08-28,ADBE,28,34.0114
2026-08-28,MCK,29,29.4485
2026-08-28,MRVL,30,28.9502
2026-08-28,UBER,31,28.3252
2026-08-28,AFRM,32,26.8505
2026-08-28,CVLT,33,26.7688
2026-08-28,DVN,34,24.9918
2026-08-28,SMCI,35,23.656
2026-08-28,OXY,36,23.5335
2026-08-28,REGN,37,22.9657
2026-08-28,CVNA,38,22.9453
2026-08-28,NVDA,39,21.7443
2026-08-28,CRDO,40,21.6462
2026-08-28,UMAC,41,21.5114
2026-08-28,AAPL,42,19.8325
2026-08-28,CRCL,43,19.1708
2026-08-28,MU,44,18.4477
2026-08-28,BKR,45,15.9355
2026-08-28,AMZN,46,15.0776
2026-08-28,COF,47,13.9706
2026-08-28,HAL,48,13.2516
2026-08-28,LYB,49,12.3284
2026-08-28,INTU,50,11.2786
2026-08-28,NBIS,51,11.1928
2026-08-28,COIN,52,11.0907
2026-08-28,NFLX,53,10.7639
2026-08-28,MSTR,54,10.1389
2026-08-28,UI,55,5.4208
2026-08-28,FANG,56,4.6487
2026-08-28,SOFI,57,4.3505
2026-08-28,SOUN,58,3.8889
2026-08-28,PH,59,2.3284
2026-08-28,ORCL,60,-2.2141
2026-08-28,ACHR,61,-3.4804
2026-08-28,LMT,62,-5.2451
2026-08-28,AMD,63,-7.2263
2026-08-28,HIMS,64,-7.5245
2026-08-28,UNH,65,-7.8431
2026-08-28,C,66,-9.0074
2026-08-28,CDNS,67,-9.3342
2026-08-28,GOOGL,68,-10.0327
2026-08-28,LRCX,69,-10.7557
2026-08-28,ALAB,70,-10.7925
2026-08-28,URI,71,-14.6446
2026-08-28,ARM,72,-16.4175
2026-08-28,BE,73,-16.5074
2026-08-28,META,74,-20.6209
2026-08-28,TSLA,75,-21.5523
2026-08-28,UPST,76,-27.0343
2026-08-28,AVGO,77,-28.6234
2026-08-28,VRT,78,-28.8235
2026-08-28,CRWV,79,-32.3489
2026-08-28,NOC,80,-32.9534
2026-08-28,IONQ,81,-35.4493
2026-08-28,RDDT,82,-36.442
2026-08-28,NVTS,83,-39.4567
2026-08-28,MARA,84,-41.0989
2026-08-28,IREN,85,-42.3734
2026-08-28,RCL,86,-43.4763
2026-08-28,BA,87,-45.8456
2026-08-28,ASTS,88,-46.5278
2026-08-28,ENPH,89,-46.7361
2026-08-28,APP,90,-47.4469
2026-08-28,AVAV,91,-48.9338
2026-08-28,CLS,92,-51.7974
2026-08-28,CIFR,93,-56.3807
2026-08-28,RKLB,94,-58.6275
2026-08-28,APLD,95,-58.9052
2026-08-28,JOBY,96,-65.2941
2026-08-31,TEAM,1,67.6552
2026-08-31,GTLB,2,62.6552
2026-08-31,PANW,3,61.9444
2026-08-31,VEEV,4,59.4077
2026-08-31,TWLO,5,57.0425
2026-08-31,MDB,6,55.1552
2026-08-31,CRM,7,53.991
2026-08-31,ZS,8,51.6136
2026-08-31,SNOW,9,50.9518
2026-08-31,NOW,10,50.866
2026-08-31,ANET,11,50.3758
2026-08-31,FTNT,12,50.1552
2026-08-31,APA,13,49.4812
2026-08-31,DASH,14,47.7533
2026-08-31,MSFT,15,46.3194
2026-08-31,U,16,46.1601
2026-08-31,HOOD,17,44.424
2026-08-31,ADBE,18,42.6552
2026-08-31,SLB,19,42.5694
2026-08-31,TRGP,20,42.2998
2026-08-31,FCX,21,41.2868
2026-08-31,RBRK,22,40.9518
2026-08-31,SHOP,23,36.7933
2026-08-31,MRK,24,35.7271
2026-08-31,LITE,25,35.29
2026-08-31,MU,26,34.6038
2026-08-31,NVDA,27,34.3954
2026-08-31,TEM,28,34.3423
2026-08-31,DVN,29,34.0645
2026-08-31,CVNA,30,30.6536
2026-08-31,CRCL,31,30.6087
2026-08-31,BIIB,32,30.0531
2026-08-31,FIG,33,30.0082
2026-08-31,OXY,34,29.567
2026-08-31,REGN,35,26.6708
2026-08-31,CVLT,36,25.5351
2026-08-31,HAL,37,25.3513
2026-08-31,MCK,38,25.1757
2026-08-31,COIN,39,24.6569
2026-08-31,SMCI,40,24.0155
2026-08-31,MSTR,41,23.0596
2026-08-31,LYB,42,22.7083
2026-08-31,BKR,43,21.9444
2026-08-31,UMAC,44,20.6087
2026-08-31,AAPL,45,18.366
2026-08-31,CRDO,46,15.915
2026-08-31,COF,47,15.6373
2026-08-31,INTU,48,12.7778
2026-08-31,FANG,49,11.4175
2026-08-31,MRVL,50,10.866
2026-08-31,AFRM,51,9.6324
2026-08-31,UBER,52,8.4477
2026-08-31,HIMS,53,7.8595
2026-08-31,AMZN,54,6.2908
2026-08-31,NBIS,55,6.1234
2026-08-31,ALAB,56,5.29
2026-08-31,UI,57,4.3219
2026-08-31,TSLA,58,4.281
2026-08-31,NFLX,59,3.6969
2026-08-31,AMD,60,0.3513
2026-08-31,SOUN,61,0.0327
2026-08-31,ACHR,62,-3.3415
2026-08-31,ORCL,63,-5.7271
2026-08-31,LMT,64,-6.3807
2026-08-31,PH,65,-6.7974
2026-08-31,LRCX,66,-9.9918
2026-08-31,SOFI,67,-11.3971
2026-08-31,URI,68,-11.5891
2026-08-31,UNH,69,-14.0033
2026-08-31,C,70,-15.5025
2026-08-31,ARM,71,-16.4869
2026-08-31,CDNS,72,-17.3448
2026-08-31,AVGO,73,-24.5874
2026-08-31,CRWV,74,-26.9771
2026-08-31,VRT,75,-30.3513
2026-08-31,BE,76,-32.0302
2026-08-31,IONQ,77,-33.2026
2026-08-31,IREN,78,-33.8521
2026-08-31,UPST,79,-35.4289
2026-08-31,GOOGL,80,-36.058
2026-08-31,NVTS,81,-36.585
2026-08-31,NOC,82,-37.1283
2026-08-31,RCL,83,-38.1454
2026-08-31,META,84,-38.1658
2026-08-31,MARA,85,-41.1683
2026-08-31,RDDT,86,-41.7443
2026-08-31,BA,87,-45.5229
2026-08-31,AVAV,88,-45.8783
2026-08-31,CLS,89,-51.6585
2026-08-31,CIFR,90,-55.6168
2026-08-31,APLD,91,-56.6585
2026-08-31,ENPH,92,-57.0874
2026-08-31,RKLB,93,-57.4469
2026-08-31,APP,94,-59.2075
2026-08-31,ASTS,95,-62.0752
2026-08-31,JOBY,96,-65.3636
2026-09-01,GTLB,1,58.5335
2026-09-01,TEAM,2,58.4967
2026-09-01,CRM,3,56.058
2026-09-01,MDB,4,54.7835
2026-09-01,APA,5,54.5221
2026-09-01,VEEV,6,51.9281
2026-09-01,MRK,7,51.8995
2026-09-01,NOW,8,51.2663
2026-09-01,FTNT,9,50.0286
2026-09-01,TRGP,10,49.3382
2026-09-01,REGN,11,48.174
2026-09-01,U,12,46.9771
2026-09-01,TWLO,13,46.3031
2026-09-01,SLB,14,42.9534
2026-09-01,TEM,15,42.5368
2026-09-01,ADBE,16,42.308
2026-09-01,MSFT,17,41.781
2026-09-01,PANW,18,41.683
2026-09-01,ZS,19,41.3276
2026-09-01,SNOW,20,40.96
2026-09-01,DVN,21,38.7868
2026-09-01,MCK,22,37.1078
2026-09-01,OXY,23,36.3725
2026-09-01,DASH,24,36.2663
2026-09-01,AAPL,25,34.7467
2026-09-01,HOOD,26,34.6732
2026-09-01,BIIB,27,34.3505
2026-09-01,FCX,28,33.3333
2026-09-01,ANET,29,32.5041
2026-09-01,RBRK,30,32.1119
2026-09-01,LYB,31,30.8333
2026-09-01,MU,32,30.0531
2026-09-01,CRCL,33,29.3178
2026-09-01,FANG,34,29.1667
2026-09-01,SHOP,35,28.1904
2026-09-01,HAL,36,27.1569
2026-09-01,FIG,37,26.4747
2026-09-01,BKR,38,25.625
2026-09-01,CVNA,39,23.0923
2026-09-01,NVDA,40,21.5482
2026-09-01,SMCI,41,21.2418
2026-09-01,UBER,42,16.4134
2026-09-01,LITE,43,15.5556
2026-09-01,MSTR,44,15.2369
2026-09-01,COIN,45,11.3644
2026-09-01,INTU,46,11.058
2026-09-01,CVLT,47,4.6732
2026-09-01,NFLX,48,3.2271
2026-09-01,UI,49,3.2026
2026-09-01,UMAC,50,1.8423
2026-09-01,C,51,0.7761
2026-09-01,COF,52,0.5556
2026-09-01,AMD,53,-1.1601
2026-09-01,UNH,54,-1.5074
2026-09-01,MRVL,55,-2.6675
2026-09-01,AFRM,56,-3.8317
2026-09-01,NBIS,57,-8.6724
2026-09-01,TSLA,58,-9.469
2026-09-01,SOUN,59,-10.5106
2026-09-01,AMZN,60,-12.1038
2026-09-01,HIMS,61,-13.3824
2026-09-01,PH,62,-14.5547
2026-09-01,CRDO,63,-14.6038
2026-09-01,ARM,64,-16.2337
2026-09-01,ACHR,65,-17.2141
2026-09-01,BE,66,-17.3489
2026-09-01,URI,67,-18.5131
2026-09-01,ALAB,68,-20.0204
2026-09-01,LRCX,69,-20.6454
2026-09-01,LMT,70,-24.04
2026-09-01,AVGO,71,-25.1675
2026-09-01,META,72,-25.8292
2026-09-01,SOFI,73,-29.0523
2026-09-01,ORCL,74,-29.7631
2026-09-01,GOOGL,75,-34.9469
2026-09-01,VRT,76,-35.1675
2026-09-01,CRWV,77,-37.3243
2026-09-01,NOC,78,-40.1062
2026-09-01,MARA,79,-41.0989
2026-09-01,RCL,80,-41.1846
2026-09-01,RDDT,81,-41.442
2026-09-01,IREN,82,-41.6912
2026-09-01,BA,83,-43.2312
2026-09-01,IONQ,84,-43.4028
2026-09-01,UPST,85,-43.844
2026-09-01,NVTS,86,-47.4101
2026-09-01,CDNS,87,-48.6601
2026-09-01,AVAV,88,-50.4861
2026-09-01,CLS,89,-52.8391
2026-09-01,ENPH,90,-55.3268
2026-09-01,RKLB,91,-58.4886
2026-09-01,APP,92,-59.1381
2026-09-01,CIFR,93,-59.3219
2026-09-01,APLD,94,-60.1552
2026-09-01,JOBY,95,-61.4052
2026-09-01,ASTS,96,-65.7557
2026-09-02,APA,1,61.1969
2026-09-02,GTLB,2,59.9632
2026-09-02,MRK,3,57.5613
2026-09-02,HOOD,4,55.1185
2026-09-02,TEAM,5,53.9583
2026-09-02,VEEV,6,52.6471
2026-09-02,NOW,7,48.0147
2026-09-02,REGN,8,47.8431
2026-09-02,DASH,9,47.8186
2026-09-02,CRM,10,46.6912
2026-09-02,TRGP,11,46.491
2026-09-02,U,12,45.5882
2026-09-02,LYB,13,44.7141
2026-09-02,BIIB,14,42.1324
2026-09-02,TWLO,15,41.3358
2026-09-02,MU,16,40.0123
2026-09-02,TEM,17,39.8039
2026-09-02,SLB,18,39.567
2026-09-02,MCK,19,38.7745
2026-09-02,NVDA,20,37.2426
2026-09-02,DVN,21,36.6503
2026-09-02,MSFT,22,36.4951
2026-09-02,ADBE,23,35.1471
2026-09-02,CVNA,24,34.4036
2026-09-02,OXY,25,34.3587
2026-09-02,FCX,26,34.0891
2026-09-02,AAPL,27,30.8333
2026-09-02,FANG,28,28.6111
2026-09-02,BKR,29,28.317
2026-09-02,SHOP,30,27.982
2026-09-02,HAL,31,27.018
2026-09-02,SNOW,32,25.3064
2026-09-02,RBRK,33,24.2279
2026-09-02,ANET,34,21.3725
2026-09-02,COF,35,21.0989
2026-09-02,MDB,36,20.9314
2026-09-02,CRCL,37,20.5637
2026-09-02,SMCI,38,20.1838
2026-09-02,ZS,39,18.9583
2026-09-02,LITE,40,17.5245
2026-09-02,COIN,41,16.5033
2026-09-02,FTNT,42,15.6863
2026-09-02,PANW,43,14.8284
2026-09-02,NFLX,44,14.6569
2026-09-02,UBER,45,13.0433
2026-09-02,C,46,11.5768
2026-09-02,CVLT,47,8.1005
2026-09-02,INTU,48,7.9779
2026-09-02,UI,49,5.8946
2026-09-02,AFRM,50,5.4371
2026-09-02,MSTR,51,5.3431
2026-09-02,UNH,52,4.1544
2026-09-02,UMAC,53,2.9779
2026-09-02,FIG,54,1.1887
2026-09-02,SOFI,55,-3.5948
2026-09-02,RDDT,56,-4.424
2026-09-02,NBIS,57,-4.6201
2026-09-02,META,58,-4.8284
2026-09-02,HIMS,59,-8.125
2026-09-02,TSLA,60,-8.6111
2026-09-02,ACHR,61,-10.3186
2026-09-02,AMZN,62,-11.1724
2026-09-02,MRVL,63,-11.7647
2026-09-02,BE,64,-11.9118
2026-09-02,AMD,65,-12.1814
2026-09-02,ORCL,66,-14.0564
2026-09-02,PH,67,-14.6936
2026-09-02,ARM,68,-20.723
2026-09-02,URI,69,-20.9191
2026-09-02,SOUN,70,-24.0809
2026-09-02,LRCX,71,-26.6176
2026-09-02,ALAB,72,-27.4755
2026-09-02,GOOGL,73,-31.1642
2026-09-02,IREN,74,-31.4379
2026-09-02,AVGO,75,-31.5809
2026-09-02,LMT,76,-33.8235
2026-09-02,UPST,77,-35.1634
2026-09-02,MARA,78,-35.8824
2026-09-02,BA,79,-35.9314
2026-09-02,CRDO,80,-36.1642
2026-09-02,VRT,81,-37.1814
2026-09-02,RCL,82,-38.893
2026-09-02,NOC,83,-41.0784
2026-09-02,CRWV,84,-42.6838
2026-09-02,ASTS,85,-44.5466
2026-09-02,APP,86,-45.9069
2026-09-02,AVAV,87,-46.201
2026-09-02,IONQ,88,-46.4583
2026-09-02,NVTS,89,-47.1078
2026-09-02,CDNS,90,-49.8407
2026-09-02,CIFR,91,-55.4534
2026-09-02,ENPH,92,-57.3407
2026-09-02,APLD,93,-58.3946
2026-09-02,RKLB,94,-58.3946
2026-09-02,CLS,95,-58.6275
2026-09-02,JOBY,96,-60.8946
2026-09-03,TEAM,1,63.5866
2026-09-03,GTLB,2,61.4052
2026-09-03,MRK,3,61.1275
2026-09-03,APA,4,60.5719
2026-09-03,HOOD,5,60.384
2026-09-03,VEEV,6,56.2949
2026-09-03,SNOW,7,54.0768
2026-09-03,CRM,8,53.9052
2026-09-03,REGN,9,53.2108
2026-09-03,TWLO,10,52.3366
2026-09-03,TRGP,11,47.5449
2026-09-03,TEM,12,47.0588
2026-09-03,NOW,13,46.2949
2026-09-03,U,14,45.5596
2026-09-03,BIIB,15,44.6324
2026-09-03,COF,16,43.2271
2026-09-03,MSFT,17,42.1283
2026-09-03,AAPL,18,41.8219
2026-09-03,MU,19,41.7484
2026-09-03,DASH,20,39.9346
2026-09-03,MCK,21,39.6446
2026-09-03,RBRK,22,38.1454
2026-09-03,DVN,23,36.9567
2026-09-03,COIN,24,36.2786
2026-09-03,ZS,25,36.2459
2026-09-03,NVDA,26,35.9641
2026-09-03,OXY,27,35.0817
2026-09-03,FANG,28,34.0645
2026-09-03,SLB,29,33.1822
2026-09-03,MSTR,30,32.4592
2026-09-03,FCX,31,32.4551
2026-09-03,ADBE,32,31.8709
2026-09-03,CRCL,33,31.4175
2026-09-03,ANET,34,31.2214
2026-09-03,C,35,30.2247
2026-09-03,LYB,36,28.0678
2026-09-03,BKR,37,27.5204
2026-09-03,SMCI,38,27.2876
2026-09-03,SHOP,39,27.21
2026-09-03,HAL,40,27.116
2026-09-03,CVNA,41,24.4649
2026-09-03,SOFI,42,22.8227
2026-09-03,MDB,43,18.0842
2026-09-03,CVLT,44,18.0351
2026-09-03,NFLX,45,15.5842
2026-09-03,UBER,46,14.2933
2026-09-03,MARA,47,11.1111
2026-09-03,LITE,48,10.7925
2026-09-03,UNH,49,10.674
2026-09-03,BE,50,10.1103
2026-09-03,FTNT,51,8.8317
2026-09-03,UMAC,52,8.0842
2026-09-03,PANW,53,5.6699
2026-09-03,AFRM,54,4.4894
2026-09-03,UI,55,4.2974
2026-09-03,AMZN,56,4.2688
2026-09-03,INTU,57,3.0106
2026-09-03,TSLA,58,2.4918
2026-09-03,META,59,1.7484
2026-09-03,NBIS,60,1.6381
2026-09-03,ORCL,61,-0.7761
2026-09-03,ACHR,62,-2.3529
2026-09-03,FIG,63,-7.7124
2026-09-03,MRVL,64,-8.5458
2026-09-03,PH,65,-9.2279
2026-09-03,HIMS,66,-9.375
2026-09-03,IREN,67,-9.4281
2026-09-03,GOOGL,68,-17.2467
2026-09-03,RDDT,69,-18.0801
2026-09-03,AMD,70,-18.5458
2026-09-03,LRCX,71,-21.107
2026-09-03,VRT,72,-21.3358
2026-09-03,ALAB,73,-23.4232
2026-09-03,URI,74,-25.1103
2026-09-03,ARM,75,-26.1193
2026-09-03,SOUN,76,-27.9943
2026-09-03,BA,77,-32.1201
2026-09-03,UPST,78,-35.0694
2026-09-03,LMT,79,-35.0735
2026-09-03,CRWV,80,-36.0335
2026-09-03,CIFR,81,-39.2688
2026-09-03,CRDO,82,-40.4698
2026-09-03,RCL,83,-41.1846
2026-09-03,NOC,84,-41.6789
2026-09-03,CLS,85,-46.4992
2026-09-03,ASTS,86,-46.7933
2026-09-03,AVGO,87,-48.3007
2026-09-03,AVAV,88,-48.701
2026-09-03,IONQ,89,-49.5752
2026-09-03,NVTS,90,-51.4379
2026-09-03,APP,91,-52.3325
2026-09-03,ENPH,92,-54.9796
2026-09-03,APLD,93,-55.8007
2026-09-03,RKLB,94,-57.7451
2026-09-03,JOBY,95,-58.3701
2026-09-03,CDNS,96,-60.0408
2026-09-04,GTLB,1,67.3775
2026-09-04,TEAM,2,58.223
2026-09-04,SNOW,3,57.9779
2026-09-04,TEM,4,56.4828
2026-09-04,VEEV,5,55.8946
2026-09-04,HOOD,6,53.9951
2026-09-04,MRK,7,53.7745
2026-09-04,MU,8,52.9167
2026-09-04,BIIB,9,51.0417
2026-09-04,TWLO,10,50.9804
2026-09-04,APA,11,50.192
2026-09-04,REGN,12,49.2279
2026-09-04,NOW,13,48.9338
2026-09-04,CRM,14,48.0392
2026-09-04,NVDA,15,46.1275
2026-09-04,U,16,46.0294
2026-09-04,RBRK,17,44.1176
2026-09-04,MCK,18,41.4338
2026-09-04,NBIS,19,40.8946
2026-09-04,SLB,20,40.5229
2026-09-04,ANET,21,39.277
2026-09-04,CRCL,22,38.4314
2026-09-04,MSTR,23,38.4314
2026-09-04,AAPL,24,38.1005
2026-09-04,TRGP,25,37.067
2026-09-04,MSFT,26,35.7721
2026-09-04,MRVL,27,34.8775
2026-09-04,SMCI,28,34.0809
2026-09-04,FCX,29,32.7328
2026-09-04,COF,30,32.5245
2026-09-04,DVN,31,31.9322
2026-09-04,LITE,32,31.6054
2026-09-04,OXY,33,27.7655
2026-09-04,CVNA,34,26.7892
2026-09-04,COIN,35,26.0907
2026-09-04,HAL,36,23.9665
2026-09-04,BKR,37,22.165
2026-09-04,BE,38,22.018
2026-09-04,C,39,21.9363
2026-09-04,CVLT,40,21.5074
2026-09-04,FANG,41,19.2851
2026-09-04,ALAB,42,19.0686
2026-09-04,AMD,43,18.9216
2026-09-04,SHOP,44,18.7377
2026-09-04,SOFI,45,17.0466
2026-09-04,ZS,46,14.326
2026-09-04,MARA,47,13.5049
2026-09-04,DASH,48,13.317
2026-09-04,META,49,13.0596
2026-09-04,FTNT,50,11.6667
2026-09-04,IREN,51,9.5547
2026-09-04,PANW,52,8.2966
2026-09-04,UMAC,53,7.2672
2026-09-04,ADBE,54,7.0466
2026-09-04,LRCX,55,5.2941
2026-09-04,MDB,56,4.5833
2026-09-04,ORCL,57,4.4485
2026-09-04,UBER,58,2.0466
2026-09-04,UNH,59,0.6985
2026-09-04,LYB,60,-0.0245
2026-09-04,AMZN,61,-2.1201
2026-09-04,VRT,62,-3.0065
2026-09-04,AFRM,63,-4.6446
2026-09-04,UI,64,-4.6936
2026-09-04,FIG,65,-5.3431
2026-09-04,CRWV,66,-6.1765
2026-09-04,ACHR,67,-9.2075
2026-09-04,INTU,68,-10.3064
2026-09-04,ARM,69,-13.1005
2026-09-04,HIMS,70,-14.8529
2026-09-04,NFLX,71,-20.1757
2026-09-04,PH,72,-21.4502
2026-09-04,CIFR,73,-22.0956
2026-09-04,TSLA,74,-24.0196
2026-09-04,CLS,75,-24.7304
2026-09-04,URI,76,-27.7247
2026-09-04,RDDT,77,-31.5359
2026-09-04,SOUN,78,-32.6471
2026-09-04,CRDO,79,-33.8725
2026-09-04,NVTS,80,-34.4853
2026-09-04,BA,81,-36.0948
2026-09-04,GOOGL,82,-39.7835
2026-09-04,IONQ,83,-40.0245
2026-09-04,APLD,84,-41.5441
2026-09-04,LMT,85,-44.5874
2026-09-04,AVGO,86,-45.0368
2026-09-04,ENPH,87,-48.7745
2026-09-04,RCL,88,-49.4485
2026-09-04,UPST,89,-49.6446
2026-09-04,ASTS,90,-51.9404
2026-09-04,CDNS,91,-55.2941
2026-09-04,AVAV,92,-56.9649
2026-09-04,APP,93,-57.0874
2026-09-04,NOC,94,-57.4673
2026-09-04,RKLB,95,-64.3423
2026-09-04,JOBY,96,-70.6168
2026-09-08,NBIS,1,64.7794
2026-09-08,SNOW,2,61.5809
2026-09-08,GTLB,3,58.9951
2026-09-08,APA,4,57.6144
2026-09-08,TEAM,5,56.152
2026-09-08,ANET,6,55.0
2026-09-08,TEM,7,53.6356
2026-09-08,MRK,8,53.219
2026-09-08,HOOD,9,53.0515
2026-09-08,TRGP,10,51.9894
2026-09-08,CRM,11,51.7279
2026-09-08,MU,12,50.1225
2026-09-08,U,13,49.5098
2026-09-08,LITE,14,46.2745
2026-09-08,VEEV,15,44.4608
2026-09-08,NVDA,16,44.0809
2026-09-08,FCX,17,43.4967
2026-09-08,OXY,18,41.4869
2026-09-08,RBRK,19,40.0613
2026-09-08,AMD,20,38.8113
2026-09-08,CRCL,21,37.3039
2026-09-08,REGN,22,36.6993
2026-09-08,SMCI,23,35.9804
2026-09-08,MRVL,24,34.5833
2026-09-08,SLB,25,33.46
2026-09-08,MCK,26,32.3611
2026-09-08,DVN,27,32.0016
2026-09-08,NOW,28,31.7525
2026-09-08,BE,29,31.393
2026-09-08,LRCX,30,30.1716
2026-09-08,TWLO,31,30.0735
2026-09-08,CRWV,32,29.8775
2026-09-08,MSTR,33,27.1324
2026-09-08,MSFT,34,26.7402
2026-09-08,BIIB,35,26.0376
2026-09-08,C,36,25.8211
2026-09-08,BKR,37,25.6904
2026-09-08,UMAC,38,25.4657
2026-09-08,MARA,39,24.9387
2026-09-08,FANG,40,24.9183
2026-09-08,HAL,41,23.6193
2026-09-08,FTNT,42,22.7696
2026-09-08,LYB,43,22.1977
2026-09-08,CVNA,44,20.8088
2026-09-08,IREN,45,16.7933
2026-09-08,CVLT,46,16.3848
2026-09-08,COF,47,15.1838
2026-09-08,AAPL,48,14.5833
2026-09-08,COIN,49,13.6397
2026-09-08,PANW,50,13.1127
2026-09-08,META,51,12.7492
2026-09-08,UNH,52,9.9959
2026-09-08,CLS,53,8.8358
2026-09-08,ORCL,54,5.0735
2026-09-08,DASH,55,4.759
2026-09-08,CIFR,56,3.3578
2026-09-08,VRT,57,-0.9232
2026-09-08,MDB,58,-1.2255
2026-09-08,SOFI,59,-1.4093
2026-09-08,ADBE,60,-2.1569
2026-09-08,ZS,61,-3.2598
2026-09-08,ARM,62,-4.3015
2026-09-08,ACHR,63,-6.2418
2026-09-08,UI,64,-6.5931
2026-09-08,AFRM,65,-6.7525
2026-09-08,TSLA,66,-6.8137
2026-09-08,ALAB,67,-7.8676
2026-09-08,FIG,68,-8.0515
2026-09-08,SHOP,69,-8.9216
2026-09-08,AMZN,70,-13.2721
2026-09-08,NFLX,71,-17.8268
2026-09-08,HIMS,72,-18.9502
2026-09-08,URI,73,-21.1193
2026-09-08,APLD,74,-21.6176
2026-09-08,ASTS,75,-24.4199
2026-09-08,UBER,76,-24.5956
2026-09-08,AVGO,77,-27.1814
2026-09-08,PH,78,-28.4967
2026-09-08,INTU,79,-28.5172
2026-09-08,ENPH,80,-32.402
2026-09-08,NVTS,81,-32.4632
2026-09-08,GOOGL,82,-33.4886
2026-09-08,IONQ,83,-34.3015
2026-09-08,LMT,84,-35.1634
2026-09-08,SOUN,85,-38.0637
2026-09-08,CRDO,86,-38.2475
2026-09-08,RDDT,87,-38.4886
2026-09-08,BA,88,-38.7173
2026-09-08,RCL,89,-47.9902
2026-09-08,NOC,90,-49.5016
2026-09-08,UPST,91,-54.8775
2026-09-08,APP,92,-55.0572
2026-09-08,CDNS,93,-55.1716
2026-09-08,AVAV,94,-56.1315
2026-09-08,RKLB,95,-56.1438
2026-09-08,JOBY,96,-63.6806
2026-09-09,NBIS,1,64.7222
2026-09-09,APA,2,62.2222
2026-09-09,MU,3,56.634
2026-09-09,GTLB,4,56.2908
2026-09-09,TEAM,5,55.96
2026-09-09,SNOW,6,55.0899
2026-09-09,HOOD,7,52.7328
2026-09-09,LITE,8,51.5114
2026-09-09,U,9,49.8325
2026-09-09,VEEV,10,46.683
2026-09-09,TRGP,11,46.1193
2026-09-09,MRVL,12,45.5923
2026-09-09,OXY,13,45.5556
2026-09-09,AMD,14,42.3693
2026-09-09,MRK,15,42.3611
2026-09-09,CRM,16,41.9771
2026-09-09,NVDA,17,41.156
2026-09-09,DVN,18,40.8007
2026-09-09,FCX,19,40.3391
2026-09-09,ANET,20,38.7541
2026-09-09,SMCI,21,36.9404
2026-09-09,TWLO,22,35.1266
2026-09-09,C,23,34.3015
2026-09-09,IREN,24,34.2933
2026-09-09,TEM,25,34.0768
2026-09-09,FANG,26,32.7737
2026-09-09,LRCX,27,31.781
2026-09-09,SLB,28,31.2541
2026-09-09,MARA,29,29.6609
2026-09-09,MCK,30,29.3587
2026-09-09,CRCL,31,29.3423
2026-09-09,NOW,32,29.1462
2026-09-09,HAL,33,28.6683
2026-09-09,BE,34,28.1291
2026-09-09,MSTR,35,28.0801
2026-09-09,RBRK,36,25.9722
2026-09-09,REGN,37,24.3709
2026-09-09,CRWV,38,24.3546
2026-09-09,FTNT,39,24.1585
2026-09-09,META,40,22.5204
2026-09-09,MSFT,41,22.0261
2026-09-09,BKR,42,21.7933
2026-09-09,CVNA,43,17.2426
2026-09-09,LYB,44,17.1283
2026-09-09,CLS,45,12.933
2026-09-09,PANW,46,12.835
2026-09-09,AAPL,47,11.9526
2026-09-09,ORCL,48,11.0825
2026-09-09,COF,49,10.6618
2026-09-09,UMAC,50,10.4453
2026-09-09,CVLT,51,9.9183
2026-09-09,ZS,52,9.7712
2026-09-09,ALAB,53,9.2198
2026-09-09,BIIB,54,9.0645
2026-09-09,COIN,55,6.8015
2026-09-09,ARM,56,4.3791
2026-09-09,DASH,57,0.2778
2026-09-09,UNH,58,-6.1315
2026-09-09,ADBE,59,-6.8464
2026-09-09,URI,60,-7.5572
2026-09-09,MDB,61,-9.5057
2026-09-09,TSLA,62,-9.9877
2026-09-09,SOFI,63,-16.6422
2026-09-09,AMZN,64,-17.0588
2026-09-09,SHOP,65,-19.3015
2026-09-09,AFRM,66,-19.7426
2026-09-09,FIG,67,-24.04
2026-09-09,CIFR,68,-24.1013
2026-09-09,PH,69,-24.1381
2026-09-09,UBER,70,-27.3039
2026-09-09,INTU,71,-28.3783
2026-09-09,CRDO,72,-29.1013
2026-09-09,HIMS,73,-31.156
2026-09-09,NVTS,74,-33.4886
2026-09-09,VRT,75,-33.6724
2026-09-09,ACHR,76,-33.7337
2026-09-09,IONQ,77,-35.4371
2026-09-09,APLD,78,-35.6577
2026-09-09,UI,79,-35.6699
2026-09-09,AVGO,80,-36.9322
2026-09-09,NFLX,81,-38.8644
2026-09-09,RDDT,82,-40.0163
2026-09-09,LMT,83,-40.1185
2026-09-09,BA,84,-40.2533
2026-09-09,SOUN,85,-40.4861
2026-09-09,ENPH,86,-43.9297
2026-09-09,ASTS,87,-45.8987
2026-09-09,RCL,88,-46.9485
2026-09-09,GOOGL,89,-49.5997
2026-09-09,NOC,90,-50.29
2026-09-09,CDNS,91,-54.7386
2026-09-09,UPST,92,-55.9191
2026-09-09,APP,93,-61.4134
2026-09-09,RKLB,94,-63.219
2026-09-09,AVAV,95,-63.8194
2026-09-09,JOBY,96,-70.5351
2026-09-10,GTLB,1,57.6225
2026-09-10,APA,2,57.4755
2026-09-10,TEAM,3,56.2377
2026-09-10,MU,4,55.576
2026-09-10,VEEV,5,50.9436
2026-09-10,HOOD,6,50.7353
2026-09-10,SNOW,7,50.5392
2026-09-10,LITE,8,50.1593
2026-09-10,AMD,9,47.8064
2026-09-10,TRGP,10,47.0221
2026-09-10,OXY,11,46.0417
2026-09-10,NBIS,12,44.6569
2026-09-10,C,13,44.473
2026-09-10,DVN,14,43.8971
2026-09-10,AAPL,15,41.4706
2026-09-10,MRVL,16,41.3603
2026-09-10,TWLO,17,40.7721
2026-09-10,FANG,18,40.5882
2026-09-10,CRM,19,40.5637
2026-09-10,MRK,20,35.9518
2026-09-10,U,21,35.6373
2026-09-10,SMCI,22,33.9828
2026-09-10,TEM,23,33.1577
2026-09-10,FTNT,24,32.9289
2026-09-10,NOW,25,32.3652
2026-09-10,BIIB,26,31.7239
2026-09-10,ANET,27,30.0368
2026-09-10,MARA,28,29.6446
2026-09-10,BE,29,27.8268
2026-09-10,MSFT,30,27.3284
2026-09-10,RBRK,31,26.6667
2026-09-10,META,32,26.5768
2026-09-10,FCX,33,23.1209
2026-09-10,CRCL,34,22.598
2026-09-10,REGN,35,21.0008
2026-09-10,SLB,36,20.3064
2026-09-10,IREN,37,19.4975
2026-09-10,MSTR,38,19.4485
2026-09-10,NVDA,39,17.4877
2026-09-10,MCK,40,15.9395
2026-09-10,HAL,41,15.5147
2026-09-10,PANW,42,13.9461
2026-09-10,LYB,43,11.2582
2026-09-10,UMAC,44,6.4338
2026-09-10,DASH,45,5.0694
2026-09-10,MDB,46,4.3995
2026-09-10,COIN,47,2.6961
2026-09-10,CLS,48,2.0833
2026-09-10,ZS,49,1.6544
2026-09-10,CVLT,50,0.3431
2026-09-10,ORCL,51,-0.0613
2026-09-10,ARM,52,-1.5074
2026-09-10,CRWV,53,-4.3873
2026-09-10,TSLA,54,-4.424
2026-09-10,COF,55,-9.1912
2026-09-10,CVNA,56,-11.3113
2026-09-10,ALAB,57,-11.7892
2026-09-10,ADBE,58,-13.7132
2026-09-10,RDDT,59,-13.8766
2026-09-10,UNH,60,-14.2198
2026-09-10,URI,61,-16.2051
2026-09-10,BKR,62,-16.4338
2026-09-10,AFRM,63,-18.4926
2026-09-10,LRCX,64,-18.8113
2026-09-10,SOFI,65,-21.2868
2026-09-10,AMZN,66,-21.7034
2026-09-10,FIG,67,-27.7819
2026-09-10,UBER,68,-28.799
2026-09-10,HIMS,69,-29.1585
2026-09-10,SHOP,70,-29.8162
2026-09-10,UI,71,-31.201
2026-09-10,PH,72,-32.5041
2026-09-10,NFLX,73,-32.6144
2026-09-10,LMT,74,-33.7051
2026-09-10,ACHR,75,-34.6364
2026-09-10,INTU,76,-35.4534
2026-09-10,CRDO,77,-37.6225
2026-09-10,AVGO,78,-40.3431
2026-09-10,IONQ,79,-40.3922
2026-09-10,GOOGL,80,-41.2663
2026-09-10,ENPH,81,-41.9608
2026-09-10,CIFR,82,-42.549
2026-09-10,CDNS,83,-42.7083
2026-09-10,APP,84,-44.2933
2026-09-10,RCL,85,-44.8652
2026-09-10,SOUN,86,-46.4951
2026-09-10,BA,87,-46.8423
2026-09-10,NOC,88,-46.9158
2026-09-10,APLD,89,-47.9412
2026-09-10,NVTS,90,-49.1912
2026-09-10,VRT,91,-52.8962
2026-09-10,UPST,92,-54.6691
2026-09-10,AVAV,93,-55.5065
2026-09-10,ASTS,94,-58.0801
2026-09-10,RKLB,95,-66.0212
2026-09-10,JOBY,96,-70.1879
2026-09-11,TEAM,1,61.8015
2026-09-11,APA,2,60.1838
2026-09-11,GTLB,3,56.9853
2026-09-11,AMD,4,54.7426
2026-09-11,OXY,5,50.4412
2026-09-11,VEEV,6,50.1103
2026-09-11,MU,7,49.9387
2026-09-11,HOOD,8,49.6242
2026-09-11,CRM,9,47.1936
2026-09-11,SNOW,10,46.5441
2026-09-11,C,11,44.9306
2026-09-11,SMCI,12,44.3873
2026-09-11,FANG,13,43.848
2026-09-11,DVN,14,43.4559
2026-09-11,AAPL,15,42.0833
2026-09-11,LITE,16,42.0098
2026-09-11,BIIB,17,40.7271
2026-09-11,U,18,40.4412
2026-09-11,TRGP,19,40.3186
2026-09-11,MSFT,20,39.6936
2026-09-11,ANET,21,37.1691
2026-09-11,NOW,22,36.1152
2026-09-11,BE,23,34.8039
2026-09-11,MRK,24,34.3546
2026-09-11,META,25,32.1569
2026-09-11,MRVL,26,31.1642
2026-09-11,TWLO,27,30.9926
2026-09-11,TEM,28,29.6487
2026-09-11,SLB,29,28.9951
2026-09-11,CRCL,30,26.8137
2026-09-11,MARA,31,24.4975
2026-09-11,MCK,32,22.6144
2026-09-11,MSTR,33,21.973
2026-09-11,NBIS,34,20.6373
2026-09-11,NVDA,35,19.3015
2026-09-11,REGN,36,18.9869
2026-09-11,FCX,37,18.3292
2026-09-11,COIN,38,17.7369
2026-09-11,HAL,39,16.973
2026-09-11,RBRK,40,15.4412
2026-09-11,CLS,41,15.0858
2026-09-11,FTNT,42,14.375
2026-09-11,ARM,43,12.3407
2026-09-11,IREN,44,11.3725
2026-09-11,PANW,45,7.8799
2026-09-11,ZS,46,4.5956
2026-09-11,DASH,47,1.8382
2026-09-11,CVLT,48,-1.7402
2026-09-11,MDB,49,-2.9289
2026-09-11,ADBE,50,-3.0637
2026-09-11,TSLA,51,-5.2574
2026-09-11,AMZN,52,-5.3309
2026-09-11,ORCL,53,-5.6005
2026-09-11,AFRM,54,-6.0376
2026-09-11,RDDT,55,-6.201
2026-09-11,ALAB,56,-7.0588
2026-09-11,FIG,57,-8.9583
2026-09-11,LYB,58,-9.5139
2026-09-11,UMAC,59,-9.7549
2026-09-11,NFLX,60,-10.9804
2026-09-11,COF,61,-12.594
2026-09-11,UI,62,-14.9755
2026-09-11,INTU,63,-18.701
2026-09-11,URI,64,-19.0074
2026-09-11,UNH,65,-21.0498
2026-09-11,CRWV,66,-21.7402
2026-09-11,BKR,67,-22.1201
2026-09-11,PH,68,-22.4877
2026-09-11,GOOGL,69,-24.2279
2026-09-11,CVNA,70,-24.5221
2026-09-11,SOFI,71,-25.9763
2026-09-11,LRCX,72,-26.5441
2026-09-11,HIMS,73,-27.8391
2026-09-11,SHOP,74,-28.9828
2026-09-11,UBER,75,-31.8382
2026-09-11,ACHR,76,-31.8995
2026-09-11,CIFR,77,-33.0147
2026-09-11,CRDO,78,-35.098
2026-09-11,BA,79,-36.6422
2026-09-11,APP,80,-37.2794
2026-09-11,NVTS,81,-38.7132
2026-09-11,AVGO,82,-41.6054
2026-09-11,APLD,83,-42.9044
2026-09-11,ENPH,84,-44.0686
2026-09-11,CDNS,85,-44.8284
2026-09-11,LMT,86,-44.8652
2026-09-11,RCL,87,-45.0613
2026-09-11,SOUN,88,-46.0784
2026-09-11,IONQ,89,-48.3701
2026-09-11,VRT,90,-48.6642
2026-09-11,NOC,91,-49.277
2026-09-11,UPST,92,-51.4052
2026-09-11,AVAV,93,-56.7279
2026-09-11,ASTS,94,-60.8824
2026-09-11,RKLB,95,-70.7108
2026-09-11,JOBY,96,-72.3775
2026-09-14,TEAM,1,66.3358
2026-09-14,GTLB,2,63.7255
2026-09-14,APA,3,59.9755
2026-09-14,HOOD,4,56.107
2026-09-14,CRM,5,54.6446
2026-09-14,SNOW,6,54.2279
2026-09-14,NOW,7,51.9608
2026-09-14,VEEV,8,51.5931
2026-09-14,OXY,9,51.25
2026-09-14,FTNT,10,50.5515
2026-09-14,TEM,11,49.9714
2026-09-14,FANG,12,49.2892
2026-09-14,MSFT,13,47.4632
2026-09-14,DVN,14,46.0784
2026-09-14,AAPL,15,45.4534
2026-09-14,RBRK,16,44.902
2026-09-14,PANW,17,44.6936
2026-09-14,COIN,18,44.5507
2026-09-14,MRK,19,43.4763
2026-09-14,BIIB,20,42.4959
2026-09-14,TWLO,21,41.6054
2026-09-14,MCK,22,41.4665
2026-09-14,CRCL,23,38.9951
2026-09-14,ZS,24,37.6961
2026-09-14,TRGP,25,36.7402
2026-09-14,U,26,36.2745
2026-09-14,META,27,35.9518
2026-09-14,C,28,33.9992
2026-09-14,AMD,29,30.2206
2026-09-14,MSTR,30,29.2402
2026-09-14,CVLT,31,29.2279
2026-09-14,BE,32,28.9706
2026-09-14,REGN,33,27.9003
2026-09-14,MARA,34,20.6618
2026-09-14,ADBE,35,16.2255
2026-09-14,SMCI,36,16.152
2026-09-14,DASH,37,14.9959
2026-09-14,ANET,38,13.6029
2026-09-14,MU,39,13.1373
2026-09-14,NFLX,40,11.8464
2026-09-14,SLB,41,10.9681
2026-09-14,FCX,42,10.6699
2026-09-14,MDB,43,9.3382
2026-09-14,GOOGL,44,9.0645
2026-09-14,AFRM,45,8.1291
2026-09-14,RDDT,46,7.7655
2026-09-14,MRVL,47,7.3775
2026-09-14,HIMS,48,6.491
2026-09-14,HAL,49,5.3064
2026-09-14,SOFI,50,3.4845
2026-09-14,IREN,51,2.8799
2026-09-14,INTU,52,-1.0417
2026-09-14,CVNA,53,-3.4845
2026-09-14,NVDA,54,-4.3873
2026-09-14,AMZN,55,-6.1928
2026-09-14,LYB,56,-8.1413
2026-09-14,UNH,57,-9.2198
2026-09-14,COF,58,-9.469
2026-09-14,NBIS,59,-10.1838
2026-09-14,FIG,60,-12.8922
2026-09-14,LITE,61,-12.9167
2026-09-14,TSLA,62,-15.0531
2026-09-14,SHOP,63,-15.1757
2026-09-14,UMAC,64,-16.8995
2026-09-14,APP,65,-20.2369
2026-09-14,URI,66,-20.3799
2026-09-14,ALAB,67,-23.6887
2026-09-14,UI,68,-25.5515
2026-09-14,CLS,69,-25.7475
2026-09-14,UBER,70,-26.7443
2026-09-14,ARM,71,-27.3775
2026-09-14,ORCL,72,-28.4436
2026-09-14,BKR,73,-32.4142
2026-09-14,BA,74,-32.451
2026-09-14,PH,75,-35.0735
2026-09-14,LMT,76,-35.8578
2026-09-14,ACHR,77,-36.2745
2026-09-14,SOUN,78,-36.4338
2026-09-14,AVAV,79,-37.9779
2026-09-14,NOC,80,-38.076
2026-09-14,LRCX,81,-40.3309
2026-09-14,ENPH,82,-42.3775
2026-09-14,UPST,83,-44.0891
2026-09-14,ASTS,84,-44.4894
2026-09-14,IONQ,85,-44.5956
2026-09-14,CRDO,86,-44.9142
2026-09-14,CRWV,87,-47.7328
2026-09-14,CIFR,88,-48.6275
2026-09-14,NVTS,89,-50.6495
2026-09-14,CDNS,90,-50.6863
2026-09-14,RCL,91,-53.8031
2026-09-14,AVGO,92,-54.277
2026-09-14,APLD,93,-55.8824
2026-09-14,VRT,94,-66.5686
2026-09-14,RKLB,95,-68.8358
2026-09-14,JOBY,96,-74.0441
2026-09-15,APA,1,65.6127
2026-09-15,GTLB,2,63.656
2026-09-15,TEAM,3,62.7002
2026-09-15,TEM,4,59.4935
2026-09-15,TWLO,5,55.1021
2026-09-15,VEEV,6,53.9379
2026-09-15,CRM,7,51.9526
2026-09-15,NOW,8,51.3644
2026-09-15,PANW,9,50.8987
2026-09-15,RBRK,10,50.5678
2026-09-15,FANG,11,49.277
2026-09-15,OXY,12,48.9216
2026-09-15,DVN,13,47.4387
2026-09-15,META,14,47.3979
2026-09-15,FTNT,15,47.21
2026-09-15,MRK,16,45.2655
2026-09-15,AAPL,17,44.759
2026-09-15,HOOD,18,44.3668
2026-09-15,ZS,19,43.2761
2026-09-15,AMD,20,40.7761
2026-09-15,MCK,21,40.4248
2026-09-15,MSFT,22,39.2075
2026-09-15,BIIB,23,37.8758
2026-09-15,CVLT,24,36.8668
2026-09-15,SNOW,25,35.6781
2026-09-15,U,26,34.6487
2026-09-15,C,27,32.7247
2026-09-15,ANET,28,31.8546
2026-09-15,BE,29,31.732
2026-09-15,TRGP,30,25.1348
2026-09-15,LYB,31,24.6569
2026-09-15,REGN,32,22.692
2026-09-15,CRCL,33,20.7884
2026-09-15,FCX,34,20.4167
2026-09-15,SLB,35,17.4877
2026-09-15,MSTR,36,16.6953
2026-09-15,MU,37,12.6757
2026-09-15,MDB,38,11.781
2026-09-15,HAL,39,11.2255
2026-09-15,ADBE,40,10.384
2026-09-15,MRVL,41,8.9869
2026-09-15,COIN,42,8.6928
2026-09-15,SMCI,43,6.1315
2026-09-15,AFRM,44,5.8374
2026-09-15,GOOGL,45,5.1675
2026-09-15,DASH,46,4.616
2026-09-15,MARA,47,1.2663
2026-09-15,UMAC,48,-1.2582
2026-09-15,NVDA,49,-1.54
2026-09-15,NFLX,50,-2.9575
2026-09-15,INTU,51,-4.6895
2026-09-15,COF,52,-6.4175
2026-09-15,FIG,53,-7.0057
2026-09-15,RDDT,54,-8.4232
2026-09-15,HIMS,55,-10.4698
2026-09-15,UNH,56,-10.8864
2026-09-15,IREN,57,-11.152
2026-09-15,LITE,58,-11.9199
2026-09-15,AMZN,59,-14.1708
2026-09-15,SOFI,60,-15.4984
2026-09-15,UI,61,-17.4837
2026-09-15,TSLA,62,-19.8815
2026-09-15,CLS,63,-20.817
2026-09-15,ALAB,64,-21.0253
2026-09-15,APP,65,-21.7198
2026-09-15,SHOP,66,-21.9894
2026-09-15,ARM,67,-23.6724
2026-09-15,URI,68,-24.8734
2026-09-15,NBIS,69,-25.3391
2026-09-15,LMT,70,-29.8734
2026-09-15,CVNA,71,-31.5359
2026-09-15,AVAV,72,-31.7851
2026-09-15,PH,73,-31.8096
2026-09-15,NOC,74,-33.8562
2026-09-15,BKR,75,-34.9142
2026-09-15,UBER,76,-35.5433
2026-09-15,BA,77,-35.6699
2026-09-15,ORCL,78,-35.6699
2026-09-15,ACHR,79,-37.2998
2026-09-15,SOUN,80,-39.8366
2026-09-15,LRCX,81,-41.0253
2026-09-15,CRDO,82,-41.2092
2026-09-15,UPST,83,-42.6062
2026-09-15,ENPH,84,-42.6797
2026-09-15,CRWV,85,-45.0694
2026-09-15,ASTS,86,-45.5556
2026-09-15,IONQ,87,-45.7067
2026-09-15,AVGO,88,-47.4469
2026-09-15,NVTS,89,-48.4028
2026-09-15,CDNS,90,-51.7974
2026-09-15,RKLB,91,-52.0057
2026-09-15,CIFR,92,-53.0474
2026-09-15,RCL,93,-56.3031
2026-09-15,APLD,94,-59.1013
2026-09-15,VRT,95,-64.3219
2026-09-15,JOBY,96,-69.7141
2026-09-16,TEM,1,67.0302
2026-09-16,TEAM,2,66.1275
2026-09-16,GTLB,3,62.5613
2026-09-16,FTNT,4,60.0858
2026-09-16,TWLO,5,59.8897
2026-09-16,PANW,6,54.1054
2026-09-16,RBRK,7,53.9828
2026-09-16,NOW,8,53.848
2026-09-16,APA,9,52.692
2026-09-16,CRM,10,50.0245
2026-09-16,META,11,48.4395
2026-09-16,MRK,12,47.5572
2026-09-16,AAPL,13,47.2426
2026-09-16,VEEV,14,46.8627
2026-09-16,SNOW,15,46.2377
2026-09-16,AMD,16,45.0123
2026-09-16,CVLT,17,44.2647
2026-09-16,ZS,18,44.1912
2026-09-16,ANET,19,41.25
2026-09-16,HOOD,20,39.4404
2026-09-16,LITE,21,35.3309
2026-09-16,DVN,22,33.6969
2026-09-16,BIIB,23,32.4101
2026-09-16,MRVL,24,30.0613
2026-09-16,BE,25,29.9428
2026-09-16,MSFT,26,29.0809
2026-09-16,TRGP,27,28.9542
2026-09-16,OXY,28,27.7288
2026-09-16,MCK,29,25.4126
2026-09-16,U,30,24.326
2026-09-16,REGN,31,16.7974
2026-09-16,SMCI,32,16.3235
2026-09-16,LYB,33,16.1315
2026-09-16,FCX,34,13.6806
2026-09-16,MDB,35,11.8505
2026-09-16,NVDA,36,7.0221
2026-09-16,MU,37,6.7892
2026-09-16,MSTR,38,4.8897
2026-09-16,GOOGL,39,1.7239
2026-09-16,DASH,40,0.0082
2026-09-16,C,41,-0.3513
2026-09-16,AFRM,42,-1.54
2026-09-16,IREN,43,-2.7124
2026-09-16,ADBE,44,-2.8799
2026-09-16,FANG,45,-2.884
2026-09-16,MARA,46,-4.1176
2026-09-16,SLB,47,-5.531
2026-09-16,UNH,48,-6.6953
2026-09-16,CLS,49,-6.9853
2026-09-16,COF,50,-8.8194
2026-09-16,CRCL,51,-9.6691
2026-09-16,HAL,52,-9.906
2026-09-16,UI,53,-10.3799
2026-09-16,COIN,54,-11.8832
2026-09-16,HIMS,55,-12.3448
2026-09-16,RDDT,56,-13.2639
2026-09-16,FIG,57,-13.75
2026-09-16,NFLX,58,-14.5139
2026-09-16,TSLA,59,-14.5384
2026-09-16,AMZN,60,-15.6291
2026-09-16,UMAC,61,-16.6667
2026-09-16,URI,62,-16.6871
2026-09-16,NBIS,63,-19.3873
2026-09-16,SOFI,64,-19.8979
2026-09-16,LMT,65,-20.9763
2026-09-16,SHOP,66,-22.406
2026-09-16,ORCL,67,-23.8725
2026-09-16,NOC,68,-24.3096
2026-09-16,INTU,69,-25.1838
2026-09-16,APP,70,-26.7443
2026-09-16,AVAV,71,-26.969
2026-09-16,ARM,72,-28.0147
2026-09-16,ALAB,73,-29.4975
2026-09-16,UBER,74,-30.8129
2026-09-16,PH,75,-33.268
2026-09-16,BKR,76,-33.3864
2026-09-16,CIFR,77,-37.3652
2026-09-16,CVNA,78,-38.0556
2026-09-16,CRDO,79,-39.9387
2026-09-16,SOUN,80,-40.3922
2026-09-16,LRCX,81,-43.0392
2026-09-16,BA,82,-43.219
2026-09-16,ASTS,83,-43.4477
2026-09-16,RCL,84,-43.509
2026-09-16,CRWV,85,-45.2083
2026-09-16,ENPH,86,-45.2328
2026-09-16,UPST,87,-45.3391
2026-09-16,IONQ,88,-46.0539
2026-09-16,AVGO,89,-47.7941
2026-09-16,NVTS,90,-47.9167
2026-09-16,ACHR,91,-49.2361
2026-09-16,APLD,92,-52.5245
2026-09-16,CDNS,93,-54.0441
2026-09-16,RKLB,94,-60.4861
2026-09-16,VRT,95,-64.2361
2026-09-16,JOBY,96,-73.9052
2026-09-17,TEAM,1,67.3366
2026-09-17,GTLB,2,64.9224
2026-09-17,TEM,3,63.8766
2026-09-17,FTNT,4,61.1969
2026-09-17,TWLO,5,59.7386
2026-09-17,SNOW,6,58.3783
2026-09-17,RBRK,7,55.5106
2026-09-17,AMD,8,54.4812
2026-09-17,META,9,51.5645
2026-09-17,CVLT,10,50.1062
2026-09-17,MRK,11,49.7712
2026-09-17,NOW,12,49.1871
2026-09-17,PANW,13,48.7337
2026-09-17,APA,14,48.1332
2026-09-17,VEEV,15,47.1405
2026-09-17,AAPL,16,46.0376
2026-09-17,ZS,17,45.719
2026-09-17,SMCI,18,45.4861
2026-09-17,CRM,19,43.6969
2026-09-17,ANET,20,43.0964
2026-09-17,BIIB,21,42.8227
2026-09-17,MRVL,22,42.3611
2026-09-17,MU,23,42.1773
2026-09-17,MSFT,24,39.9714
2026-09-17,HOOD,25,34.8243
2026-09-17,NVDA,26,32.9126
2026-09-17,BE,27,31.9281
2026-09-17,DVN,28,26.5278
2026-09-17,MSTR,29,22.2508
2026-09-17,CLS,30,22.2141
2026-09-17,MARA,31,20.9886
2026-09-17,U,32,19.8979
2026-09-17,LITE,33,19.4567
2026-09-17,MDB,34,17.3366
2026-09-17,TRGP,35,15.7312
2026-09-17,GOOGL,36,15.2533
2026-09-17,MCK,37,14.6487
2026-09-17,OXY,38,14.3709
2026-09-17,ARM,39,13.4518
2026-09-17,REGN,40,13.1168
2026-09-17,FCX,41,9.5915
2026-09-17,NBIS,42,9.1258
2026-09-17,CRCL,43,5.6944
2026-09-17,IREN,44,3.4763
2026-09-17,ORCL,45,3.3538
2026-09-17,UI,46,2.9126
2026-09-17,COIN,47,1.9444
2026-09-17,ALAB,48,0.3391
2026-09-17,UMAC,49,-0.1634
2026-09-17,TSLA,50,-0.1757
2026-09-17,LYB,51,-0.2614
2026-09-17,DASH,52,-1.4502
2026-09-17,C,53,-6.2296
2026-09-17,FANG,54,-7.2345
2026-09-17,CIFR,55,-9.759
2026-09-17,SLB,56,-11.3644
2026-09-17,ADBE,57,-11.3889
2026-09-17,AMZN,58,-13.1291
2026-09-17,FIG,59,-14.183
2026-09-17,AFRM,60,-15.0899
2026-09-17,UNH,61,-15.192
2026-09-17,AVAV,62,-15.3513
2026-09-17,HIMS,63,-16.8832
2026-09-17,IONQ,64,-18.4355
2026-09-17,APP,65,-18.558
2026-09-17,URI,66,-19.6283
2026-09-17,SHOP,67,-23.8889
2026-09-17,NFLX,68,-24.8693
2026-09-17,COF,69,-25.6291
2026-09-17,ASTS,70,-26.9894
2026-09-17,HAL,71,-27.5776
2026-09-17,CRDO,72,-27.8105
2026-09-17,LMT,73,-28.0596
2026-09-17,SOFI,74,-30.2124
2026-09-17,CVNA,75,-30.8007
2026-09-17,RDDT,76,-31.6462
2026-09-17,INTU,77,-32.2222
2026-09-17,APLD,78,-33.0801
2026-09-17,UBER,79,-35.0041
2026-09-17,PH,80,-35.4493
2026-09-17,LRCX,81,-40.0286
2026-09-17,NOC,82,-40.9395
2026-09-17,NVTS,83,-41.8056
2026-09-17,ENPH,84,-42.8717
2026-09-17,AVGO,85,-42.9085
2026-09-17,BKR,86,-44.3423
2026-09-17,CRWV,87,-45.3472
2026-09-17,ACHR,88,-45.4861
2026-09-17,RKLB,89,-46.1601
2026-09-17,SOUN,90,-46.4257
2026-09-17,RCL,91,-50.4453
2026-09-17,CDNS,92,-50.8252
2026-09-17,BA,93,-51.3685
2026-09-17,UPST,94,-53.9747
2026-09-17,VRT,95,-60.4616
2026-09-17,JOBY,96,-72.8636
2026-09-18,GTLB,1,67.2672
2026-09-18,TEAM,2,63.4926
2026-09-18,FTNT,3,60.9069
2026-09-18,RBRK,4,60.8946
2026-09-18,ANET,5,60.5392
2026-09-18,TEM,6,60.5025
2026-09-18,TWLO,7,58.701
2026-09-18,AMD,8,55.6618
2026-09-18,MU,9,54.3627
2026-09-18,SNOW,10,52.2304
2026-09-18,SMCI,11,51.7525
2026-09-18,CVLT,12,50.1471
2026-09-18,HOOD,13,49.2851
2026-09-18,ZS,14,48.5784
2026-09-18,MSTR,15,47.8554
2026-09-18,LITE,16,44.5343
2026-09-18,AAPL,17,44.0931
2026-09-18,APA,18,43.6642
2026-09-18,PANW,19,42.8922
2026-09-18,MRK,20,40.9559
2026-09-18,META,21,39.1789
2026-09-18,TRGP,22,39.0441
2026-09-18,CRM,23,38.799
2026-09-18,NOW,24,37.3775
2026-09-18,MRVL,25,37.0833
2026-09-18,VEEV,26,36.1765
2026-09-18,MARA,27,34.8284
2026-09-18,COIN,28,33.8194
2026-09-18,CRCL,29,32.7941
2026-09-18,NVDA,30,31.9853
2026-09-18,MSFT,31,31.0907
2026-09-18,DVN,32,26.9608
2026-09-18,NBIS,33,25.5882
2026-09-18,ARM,34,25.1103
2026-09-18,CLS,35,24.0196
2026-09-18,IREN,36,23.8235
2026-09-18,BIIB,37,23.799
2026-09-18,FCX,38,21.4257
2026-09-18,U,39,20.0368
2026-09-18,MDB,40,19.5956
2026-09-18,BE,41,17.3815
2026-09-18,ALAB,42,17.3407
2026-09-18,GOOGL,43,14.1667
2026-09-18,CIFR,44,11.2132
2026-09-18,REGN,45,8.9951
2026-09-18,OXY,46,6.5196
2026-09-18,MCK,47,3.5417
2026-09-18,TSLA,48,1.0743
2026-09-18,AMZN,49,0.9395
2026-09-18,UMAC,50,0.2696
2026-09-18,UI,51,-0.9069
2026-09-18,C,52,-2.4796
2026-09-18,AFRM,53,-8.4477
2026-09-18,UNH,54,-9.5956
2026-09-18,DASH,55,-9.8529
2026-09-18,ORCL,56,-11.8137
2026-09-18,URI,57,-14.5792
2026-09-18,APLD,58,-15.5392
2026-09-18,ADBE,59,-15.8578
2026-09-18,SLB,60,-17.5123
2026-09-18,FANG,61,-18.8603
2026-09-18,AVAV,62,-21.0008
2026-09-18,IONQ,63,-21.0172
2026-09-18,CRDO,64,-21.1642
2026-09-18,COF,65,-21.4379
2026-09-18,PH,66,-22.9739
2026-09-18,LYB,67,-23.3783
2026-09-18,HIMS,68,-24.9142
2026-09-18,LRCX,69,-25.0368
2026-09-18,SHOP,70,-25.5801
2026-09-18,FIG,71,-26.3235
2026-09-18,NVTS,72,-27.7206
2026-09-18,INTU,73,-29.2402
2026-09-18,AVGO,74,-31.6667
2026-09-18,LMT,75,-32.165
2026-09-18,NOC,76,-32.3489
2026-09-18,HAL,77,-32.8922
2026-09-18,SOFI,78,-33.8766
2026-09-18,RDDT,79,-34.2157
2026-09-18,BKR,80,-36.4461
2026-09-18,UBER,81,-36.8791
2026-09-18,CRWV,82,-38.7255
2026-09-18,CVNA,83,-39.9673
2026-09-18,APP,84,-42.6961
2026-09-18,CDNS,85,-45.0368
2026-09-18,SOUN,86,-46.0784
2026-09-18,NFLX,87,-47.3284
2026-09-18,ASTS,88,-47.4755
2026-09-18,VRT,89,-50.2288
2026-09-18,ACHR,90,-50.2778
2026-09-18,ENPH,91,-52.7819
2026-09-18,RCL,92,-52.9698
2026-09-18,UPST,93,-53.5335
2026-09-18,BA,94,-54.3219
2026-09-18,RKLB,95,-59.6773
2026-09-18,JOBY,96,-71.7974
2026-09-21,GTLB,1,66.0172
2026-09-21,RBRK,2,62.9779
2026-09-21,TEAM,3,62.7696
2026-09-21,TWLO,4,62.1446
2026-09-21,SMCI,5,60.625
2026-09-21,TEM,6,60.0858
2026-09-21,FTNT,7,59.4363
2026-09-21,HOOD,8,57.3325
2026-09-21,SNOW,9,56.0172
2026-09-21,AMD,10,55.3309
2026-09-21,ZS,11,54.8529
2026-09-21,ANET,12,53.1005
2026-09-21,CVLT,13,52.9779
2026-09-21,PANW,14,49.1789
2026-09-21,MU,15,48.4191
2026-09-21,META,16,46.0948
2026-09-21,MSTR,17,44.1667
2026-09-21,MRK,18,43.3701
2026-09-21,MSFT,19,40.4779
2026-09-21,NBIS,20,40.0613
2026-09-21,LITE,21,39.7426
2026-09-21,ARM,22,39.4485
2026-09-21,AAPL,23,38.9706
2026-09-21,COIN,24,35.8742
2026-09-21,BIIB,25,35.4534
2026-09-21,MARA,26,35.0735
2026-09-21,MRVL,27,34.7059
2026-09-21,NOW,28,34.5833
2026-09-21,NVDA,29,34.3137
2026-09-21,CRM,30,34.0074
2026-09-21,VEEV,31,32.7574
2026-09-21,CRCL,32,32.7083
2026-09-21,U,33,31.8015
2026-09-21,APA,34,27.6185
2026-09-21,MDB,35,27.1324
2026-09-21,TRGP,36,26.0008
2026-09-21,ALAB,37,25.8088
2026-09-21,CLS,38,24.8529
2026-09-21,IREN,39,24.7263
2026-09-21,AMZN,40,20.0735
2026-09-21,BE,41,19.3791
2026-09-21,MCK,42,17.9289
2026-09-21,UMAC,43,17.7206
2026-09-21,CIFR,44,16.8137
2026-09-21,FCX,45,15.0531
2026-09-21,C,46,14.2933
2026-09-21,GOOGL,47,13.4722
2026-09-21,DVN,48,13.415
2026-09-21,REGN,49,10.9926
2026-09-21,TSLA,50,5.625
2026-09-21,SHOP,51,3.5172
2026-09-21,HIMS,52,-1.201
2026-09-21,PH,53,-3.3415
2026-09-21,OXY,54,-6.1806
2026-09-21,UNH,55,-8.7377
2026-09-21,AFRM,56,-8.7949
2026-09-21,UI,57,-8.8725
2026-09-21,COF,58,-9.0891
2026-09-21,NVTS,59,-12.402
2026-09-21,AVAV,60,-12.8758
2026-09-21,DASH,61,-13.2557
2026-09-21,SLB,62,-13.2761
2026-09-21,APLD,63,-13.8358
2026-09-21,CRDO,64,-14.8529
2026-09-21,ORCL,65,-15.6863
2026-09-21,IONQ,66,-15.9681
2026-09-21,ADBE,67,-16.25
2026-09-21,URI,68,-16.3807
2026-09-21,RDDT,69,-16.5523
2026-09-21,LRCX,70,-21.3358
2026-09-21,FANG,71,-21.7075
2026-09-21,APP,72,-25.1552
2026-09-21,AVGO,73,-25.9804
2026-09-21,SOFI,74,-26.6748
2026-09-21,LMT,75,-26.7239
2026-09-21,FIG,76,-28.8235
2026-09-21,INTU,77,-28.8235
2026-09-21,RKLB,78,-29.4199
2026-09-21,CRWV,79,-30.9559
2026-09-21,HAL,80,-33.656
2026-09-21,BKR,81,-33.8766
2026-09-21,CVNA,82,-34.3505
2026-09-21,SOUN,83,-34.8529
2026-09-21,CDNS,84,-34.9387
2026-09-21,NOC,85,-36.9812
2026-09-21,LYB,86,-38.4395
2026-09-21,ASTS,87,-39.7998
2026-09-21,ACHR,88,-40.5474
2026-09-21,UBER,89,-41.3235
2026-09-21,UPST,90,-43.6111
2026-09-21,RCL,91,-46.1029
2026-09-21,NFLX,92,-47.6062
2026-09-21,ENPH,93,-48.5662
2026-09-21,BA,94,-48.8807
2026-09-21,VRT,95,-51.3562
2026-09-21,JOBY,96,-59.1993
2026-09-22,TWLO,1,66.6993
2026-09-22,GTLB,2,62.6062
2026-09-22,SMCI,3,60.1552
2026-09-22,TEAM,4,60.1062
2026-09-22,AMD,5,59.1503
2026-09-22,RBRK,6,58.6479
2026-09-22,FTNT,7,57.9371
2026-09-22,MU,8,57.8636
2026-09-22,PANW,9,57.4592
2026-09-22,ZS,10,56.7974
2026-09-22,SNOW,11,55.1675
2026-09-22,TEM,12,54.3423
2026-09-22,CVLT,13,53.0474
2026-09-22,ANET,14,50.2288
2026-09-22,HOOD,15,48.7663
2026-09-22,MSTR,16,46.3194
2026-09-22,MRVL,17,44.9837
2026-09-22,META,18,44.7141
2026-09-22,LITE,19,44.0033
2026-09-22,MRK,20,43.9257
2026-09-22,BIIB,21,42.4796
2026-09-22,MDB,22,41.8709
2026-09-22,NVDA,23,41.0743
2026-09-22,ARM,24,40.6454
2026-09-22,AAPL,25,40.0817
2026-09-22,ALAB,26,36.3317
2026-09-22,MARA,27,35.9763
2026-09-22,CRCL,28,35.7312
2026-09-22,VEEV,29,34.9101
2026-09-22,CRM,30,33.8685
2026-09-22,NBIS,31,32.1283
2026-09-22,IREN,32,31.8587
2026-09-22,SHOP,33,31.3154
2026-09-22,NOW,34,31.2827
2026-09-22,U,35,31.0131
2026-09-22,COIN,36,30.8864
2026-09-22,CLS,37,29.9346
2026-09-22,FCX,38,28.3742
2026-09-22,MCK,39,28.1291
2026-09-22,MSFT,40,27.4101
2026-09-22,CIFR,41,20.8415
2026-09-22,REGN,42,20.4575
2026-09-22,BE,43,19.0482
2026-09-22,UMAC,44,16.7484
2026-09-22,HIMS,45,16.0335
2026-09-22,APA,46,15.1307
2026-09-22,GOOGL,47,13.8807
2026-09-22,TRGP,48,9.3219
2026-09-22,PH,49,6.4257
2026-09-22,LRCX,50,6.0131
2026-09-22,DVN,51,5.3391
2026-09-22,TSLA,52,3.1413
2026-09-22,AMZN,53,2.259
2026-09-22,URI,54,0.1021
2026-09-22,NVTS,55,-6.0458
2026-09-22,APLD,56,-8.7663
2026-09-22,AFRM,57,-8.8562
2026-09-22,SLB,58,-9.71
2026-09-22,ORCL,59,-10.0408
2026-09-22,UNH,60,-10.0572
2026-09-22,C,61,-11.6993
2026-09-22,UI,62,-11.7565
2026-09-22,AVGO,63,-11.9404
2026-09-22,OXY,64,-13.7296
2026-09-22,CRDO,65,-14.183
2026-09-22,DASH,66,-18.3252
2026-09-22,IONQ,67,-18.3987
2026-09-22,CRWV,68,-18.4109
2026-09-22,ACHR,69,-18.5253
2026-09-22,RKLB,70,-21.8832
2026-09-22,FANG,71,-24.6242
2026-09-22,RDDT,72,-24.8448
2026-09-22,ADBE,73,-25.8374
2026-09-22,COF,74,-26.344
2026-09-22,SOFI,75,-26.7239
2026-09-22,FIG,76,-28.7541
2026-09-22,AVAV,77,-29.04
2026-09-22,APP,78,-29.3913
2026-09-22,CVNA,79,-30.1062
2026-09-22,INTU,80,-30.6291
2026-09-22,ASTS,81,-31.5237
2026-09-22,SOUN,82,-33.5335
2026-09-22,CDNS,83,-33.9379
2026-09-22,BKR,84,-37.3325
2026-09-22,VRT,85,-38.8807
2026-09-22,HAL,86,-42.259
2026-09-22,UBER,87,-42.4346
2026-09-22,LMT,88,-42.4592
2026-09-22,NOC,89,-42.6307
2026-09-22,UPST,90,-48.2802
2026-09-22,BA,91,-48.8562
2026-09-22,ENPH,92,-48.9379
2026-09-22,LYB,93,-49.6895
2026-09-22,JOBY,94,-55.4248
2026-09-22,NFLX,95,-56.7565
2026-09-22,RCL,96,-60.817
2026-09-23,TEAM,1,66.9199
2026-09-23,TWLO,2,66.2827
2026-09-23,GTLB,3,64.0891
2026-09-23,RBRK,4,63.8807
2026-09-23,PANW,5,63.0719
2026-09-23,ZS,6,62.6552
2026-09-23,SMCI,7,61.0866
2026-09-23,AMD,8,59.0523
2026-09-23,FTNT,9,58.6724
2026-09-23,MU,10,57.2386
2026-09-23,TEM,11,56.2418
2026-09-23,CVLT,12,54.616
2026-09-23,ANET,13,53.9175
2026-09-23,SNOW,14,53.7949
2026-09-23,VEEV,15,51.0498
2026-09-23,NOW,16,49.0891
2026-09-23,MRK,17,48.5703
2026-09-23,META,18,48.4886
2026-09-23,HOOD,19,48.0025
2026-09-23,MDB,20,45.5964
2026-09-23,MRVL,21,44.7753
2026-09-23,MSTR,22,44.7508
2026-09-23,ALAB,23,42.018
2026-09-23,CRM,24,41.7239
2026-09-23,MSFT,25,41.6993
2026-09-23,BIIB,26,40.8129
2026-09-23,ARM,27,40.6454
2026-09-23,U,28,39.1013
2026-09-23,AAPL,29,39.0645
2026-09-23,MARA,30,39.0155
2026-09-23,LITE,31,35.2042
2026-09-23,COIN,32,34.2034
2026-09-23,NVDA,33,33.942
2026-09-23,CLS,34,29.1013
2026-09-23,CRCL,35,28.942
2026-09-23,IREN,36,28.0433
2026-09-23,NBIS,37,27.8391
2026-09-23,BE,38,27.4306
2026-09-23,MCK,39,24.281
2026-09-23,REGN,40,22.5654
2026-09-23,SHOP,41,22.2631
2026-09-23,APA,42,20.6536
2026-09-23,FCX,43,16.1765
2026-09-23,DVN,44,15.0531
2026-09-23,CIFR,45,11.4052
2026-09-23,TRGP,46,5.5065
2026-09-23,TSLA,47,5.1797
2026-09-23,UMAC,48,4.6528
2026-09-23,LRCX,49,1.6258
2026-09-23,IONQ,50,0.241
2026-09-23,PH,51,-0.1062
2026-09-23,SLB,52,-2.3611
2026-09-23,OXY,53,-5.6944
2026-09-23,ACHR,54,-7.0425
2026-09-23,RKLB,55,-7.8636
2026-09-23,URI,56,-8.219
2026-09-23,HIMS,57,-12.7288
2026-09-23,CRDO,58,-13.3497
2026-09-23,CRWV,59,-13.3742
2026-09-23,UNH,60,-13.7092
2026-09-23,AMZN,61,-15.8374
2026-09-23,UI,62,-18.7908
2026-09-23,C,63,-19.4853
2026-09-23,ADBE,64,-22.8962
2026-09-23,CDNS,65,-23.656
2026-09-23,APLD,66,-24.906
2026-09-23,GOOGL,67,-25.1634
2026-09-23,FANG,68,-25.8047
2026-09-23,DASH,69,-27.2467
2026-09-23,SOFI,70,-27.6961
2026-09-23,NVTS,71,-27.9698
2026-09-23,AFRM,72,-28.0392
2026-09-23,FIG,73,-28.1291
2026-09-23,RDDT,74,-29.8938
2026-09-23,ORCL,75,-30.5065
2026-09-23,AVAV,76,-30.8905
2026-09-23,INTU,77,-32.0874
2026-09-23,BKR,78,-33.5866
2026-09-23,COF,79,-35.0735
2026-09-23,SOUN,80,-35.9477
2026-09-23,APP,81,-36.5237
2026-09-23,LYB,82,-36.5319
2026-09-23,CVNA,83,-37.0507
2026-09-23,AVGO,84,-38.0801
2026-09-23,LMT,85,-38.5008
2026-09-23,NOC,86,-40.1552
2026-09-23,ASTS,87,-41.8423
2026-09-23,BA,88,-42.3979
2026-09-23,HAL,89,-42.8145
2026-09-23,VRT,90,-43.7214
2026-09-23,UBER,91,-44.7958
2026-09-23,ENPH,92,-47.0384
2026-09-23,NFLX,93,-49.3178
2026-09-23,JOBY,94,-57.2386
2026-09-23,UPST,95,-58.7745
2026-09-23,RCL,96,-64.0114
2026-09-24,RBRK,1,67.6144
2026-09-24,TWLO,2,66.9771
2026-09-24,TEAM,3,65.2002
2026-09-24,AMD,4,64.5997
2026-09-24,PANW,5,63.1413
2026-09-24,ZS,6,63.1413
2026-09-24,GTLB,7,61.9526
2026-09-24,TEM,8,58.5335
2026-09-24,FTNT,9,57.4918
2026-09-24,META,10,54.1993
2026-09-24,MU,11,54.0972
2026-09-24,SNOW,12,53.0065
2026-09-24,SMCI,13,52.4918
2026-09-24,VEEV,14,51.8301
2026-09-24,CVLT,15,51.0212
2026-09-24,ANET,16,46.9649
2026-09-24,BIIB,17,46.3889
2026-09-24,MDB,18,44.9551
2026-09-24,HOOD,19,44.8366
2026-09-24,AAPL,20,43.7418
2026-09-24,CRM,21,42.835
2026-09-24,ALAB,22,42.0874
2026-09-24,NOW,23,41.7075
2026-09-24,NVDA,24,41.6953
2026-09-24,MSTR,25,40.6291
2026-09-24,NBIS,26,36.9894
2026-09-24,DVN,27,36.924
2026-09-24,MRVL,28,36.9036
2026-09-24,MARA,29,35.7761
2026-09-24,MRK,30,35.2859
2026-09-24,COIN,31,31.3317
2026-09-24,ARM,32,30.9967
2026-09-24,CLS,33,30.2124
2026-09-24,MSFT,34,29.5874
2026-09-24,CRCL,35,28.607
2026-09-24,SHOP,36,28.3946
2026-09-24,IREN,37,26.5441
2026-09-24,LITE,38,25.6658
2026-09-24,UMAC,39,24.3178
2026-09-24,APA,40,24.2647
2026-09-24,U,41,19.759
2026-09-24,IONQ,42,15.3595
2026-09-24,BE,43,14.5547
2026-09-24,REGN,44,10.0899
2026-09-24,TRGP,45,9.3505
2026-09-24,TSLA,46,6.5809
2026-09-24,FCX,47,5.8292
2026-09-24,PH,48,4.0278
2026-09-24,OXY,49,2.1078
2026-09-24,MCK,50,1.8301
2026-09-24,CRWV,51,1.3766
2026-09-24,ACHR,52,-2.0874
2026-09-24,HIMS,53,-2.2386
2026-09-24,LRCX,54,-2.2876
2026-09-24,RKLB,55,-3.7663
2026-09-24,CIFR,56,-5.1797
2026-09-24,CRDO,57,-10.5351
2026-09-24,CDNS,58,-10.7802
2026-09-24,GOOGL,59,-11.0458
2026-09-24,AVAV,60,-12.5776
2026-09-24,URI,61,-13.3252
2026-09-24,UNH,62,-13.7092
2026-09-24,SLB,63,-14.0441
2026-09-24,AMZN,64,-15.9069
2026-09-24,FANG,65,-17.1691
2026-09-24,AFRM,66,-19.4036
2026-09-24,C,67,-19.8325
2026-09-24,FIG,68,-26.8096
2026-09-24,ADBE,69,-27.018
2026-09-24,DASH,70,-28.3374
2026-09-24,SOFI,71,-28.8766
2026-09-24,ASTS,72,-31.3031
2026-09-24,RDDT,73,-31.3766
2026-09-24,APLD,74,-31.7361
2026-09-24,NVTS,75,-31.8832
2026-09-24,INTU,76,-32.4346
2026-09-24,SOUN,77,-33.2557
2026-09-24,LYB,78,-33.7296
2026-09-24,UI,79,-34.0278
2026-09-24,APP,80,-36.1315
2026-09-24,AVGO,81,-36.2214
2026-09-24,COF,82,-36.4624
2026-09-24,BKR,83,-37.9289
2026-09-24,LMT,84,-39.4036
2026-09-24,CVNA,85,-42.1569
2026-09-24,NOC,86,-42.5286
2026-09-24,HAL,87,-42.5368
2026-09-24,ORCL,88,-42.8145
2026-09-24,UBER,89,-44.6569
2026-09-24,NFLX,90,-46.8423
2026-09-24,ENPH,91,-50.7435
2026-09-24,BA,92,-50.8497
2026-09-24,VRT,93,-54.5752
2026-09-24,UPST,94,-57.8717
2026-09-24,JOBY,95,-60.6658
2026-09-24,RCL,96,-62.6225
