Symbol,Earnings Date,Time
AAPL,2026-10-28,PM
AAPL,2026-07-30,PM
AAPL,2026-04-30,PM
AAPL,2026-01-29,PM
AAPL,2025-10-30,PM
AAPL,2025-07-31,PM
AAPL,2025-05-01,PM
AAPL,2025-01-30,PM
AAPL,2024-10-31,PM
ACHR,2026-11-04,PM
ACHR,2026-08-10,PM
ACHR,2026-05-11,PM
ACHR,2026-03-02,PM
ACHR,2025-11-06,PM
ACHR,2025-08-11,PM
ACHR,2025-05-12,PM
ACHR,2025-02-27,PM
ACHR,2024-11-07,PM
ADBE,2026-12-09,PM
ADBE,2026-09-10,PM
ADBE,2026-06-11,PM
ADBE,2026-03-12,PM
ADBE,2025-12-10,PM
ADBE,2025-09-11,PM
ADBE,2025-06-12,PM
ADBE,2025-03-12,PM
ADBE,2024-12-11,PM
AFRM,2026-11-04,PM
AFRM,2026-08-27,PM
AFRM,2026-05-07,PM
AFRM,2026-02-05,PM
AFRM,2025-11-06,PM
AFRM,2025-08-28,PM
AFRM,2025-05-08,PM
AFRM,2025-02-06,PM
AFRM,2024-11-07,PM
ALAB,2026-11-02,PM
ALAB,2026-08-04,PM
ALAB,2026-05-05,PM
ALAB,2026-02-10,PM
ALAB,2025-11-04,PM
ALAB,2025-08-05,PM
ALAB,2025-05-06,PM
ALAB,2025-02-10,PM
ALAB,2024-11-04,PM
AMD,2026-11-02,PM
AMD,2026-08-04,PM
AMD,2026-05-05,PM
AMD,2026-02-03,PM
AMD,2025-11-04,PM
AMD,2025-08-05,PM
AMD,2025-05-06,PM
AMD,2025-02-04,PM
AMD,2024-10-29,PM
AMZN,2026-10-28,PM
AMZN,2026-07-30,PM
AMZN,2026-04-29,PM
AMZN,2026-02-05,PM
AMZN,2025-10-30,PM
AMZN,2025-07-31,PM
AMZN,2025-05-01,PM
AMZN,2025-02-06,PM
AMZN,2024-10-31,PM
ANET,2026-11-02,PM
ANET,2026-08-04,PM
ANET,2026-05-05,PM
ANET,2026-02-12,PM
ANET,2025-11-04,PM
ANET,2025-08-05,PM
ANET,2025-05-06,PM
ANET,2025-02-18,PM
ANET,2024-11-07,PM
APLD,2026-10-14,PM
APLD,2026-07-27,PM
APLD,2026-04-08,PM
APLD,2026-01-07,PM
APLD,2025-10-09,PM
APLD,2025-07-30,PM
APLD,2025-04-14,PM
APLD,2025-01-14,PM
APLD,2024-10-09,PM
APP,2026-11-03,PM
APP,2026-08-05,PM
APP,2026-05-06,PM
APP,2026-02-11,PM
APP,2025-11-05,PM
APP,2025-08-06,PM
APP,2025-05-07,PM
APP,2025-02-12,PM
APP,2024-11-06,PM
ARM,2026-11-04,PM
ARM,2026-07-29,PM
ARM,2026-05-05,PM
ARM,2026-02-04,PM
ARM,2025-11-05,PM
ARM,2025-07-30,PM
ARM,2025-05-07,PM
ARM,2025-02-05,PM
ARM,2024-11-07,PM
ASTS,2026-11-09,PM
ASTS,2026-08-10,PM
ASTS,2026-05-11,PM
ASTS,2026-03-02,PM
ASTS,2025-11-10,PM
ASTS,2025-08-11,PM
ASTS,2025-05-12,PM
ASTS,2025-03-03,PM
ASTS,2024-11-14,PM
AVAV,2026-12-07,PM
AVAV,2026-09-09,PM
AVAV,2026-06-29,PM
AVAV,2026-03-10,PM
AVAV,2025-12-09,PM
AVAV,2025-09-09,PM
AVAV,2025-06-24,PM
AVAV,2025-03-04,PM
AVAV,2024-12-04,PM
AVGO,2026-12-09,PM
AVGO,2026-09-02,PM
AVGO,2026-06-03,PM
AVGO,2026-03-04,PM
AVGO,2025-12-11,PM
AVGO,2025-09-04,PM
AVGO,2025-06-05,PM
AVGO,2025-03-06,PM
AVGO,2024-12-12,PM
BIIB,2026-10-28,AM
BIIB,2026-07-29,AM
BIIB,2026-04-29,AM
BIIB,2026-02-06,AM
BIIB,2025-10-30,AM
BIIB,2025-07-31,AM
BIIB,2025-05-01,AM
BIIB,2025-02-12,AM
BIIB,2024-10-30,AM
BKR,2026-10-21,PM
BKR,2026-07-26,PM
BKR,2026-04-23,PM
BKR,2026-01-25,PM
BKR,2025-10-23,PM
BKR,2025-07-22,PM
BKR,2025-04-22,PM
BKR,2025-01-30,PM
BKR,2024-10-22,PM
CDNS,2026-10-26,PM
CDNS,2026-07-27,PM
CDNS,2026-04-27,PM
CDNS,2026-02-17,PM
CDNS,2025-10-27,PM
CDNS,2025-07-28,PM
CDNS,2025-04-28,PM
CDNS,2025-02-18,PM
CDNS,2024-10-28,PM
CIFR,2026-11-02,AM
CIFR,2026-08-04,AM
CIFR,2026-05-05,AM
CIFR,2026-02-24,AM
CIFR,2025-11-03,AM
CIFR,2025-08-07,AM
CIFR,2025-05-06,AM
CIFR,2025-02-25,AM
CIFR,2024-10-31,AM
COIN,2026-10-28,PM
COIN,2026-07-30,PM
COIN,2026-05-07,PM
COIN,2026-02-12,PM
COIN,2025-10-30,PM
COIN,2025-07-31,PM
COIN,2025-05-08,PM
COIN,2025-02-13,PM
COIN,2024-10-30,PM
CRCL,2026-11-10,AM
CRCL,2026-08-05,AM
CRCL,2026-05-11,AM
CRCL,2026-02-25,AM
CRCL,2025-11-12,AM
CRCL,2025-08-12,AM
CRM,2026-12-01,PM
CRM,2026-08-26,PM
CRM,2026-05-27,PM
CRM,2026-02-25,PM
CRM,2025-12-03,PM
CRM,2025-09-03,PM
CRM,2025-05-28,PM
CRM,2025-02-26,PM
CRM,2024-12-03,PM
CRWV,2026-11-11,PM
CRWV,2026-08-11,PM
CRWV,2026-05-07,PM
CRWV,2026-02-26,PM
CRWV,2025-11-10,PM
CRWV,2025-08-12,PM
CRWV,2025-05-14,PM
CVLT,2026-10-26,AM
CVLT,2026-07-28,AM
CVLT,2026-04-28,AM
CVLT,2026-01-27,AM
CVLT,2025-10-28,AM
CVLT,2025-07-29,AM
CVLT,2025-04-29,AM
CVLT,2025-01-28,AM
CVLT,2024-10-29,AM
CVNA,2026-10-27,PM
CVNA,2026-07-29,PM
CVNA,2026-04-29,PM
CVNA,2026-02-18,PM
CVNA,2025-10-29,PM
CVNA,2025-07-30,PM
CVNA,2025-05-07,PM
CVNA,2025-02-19,PM
CVNA,2024-10-30,PM
DASH,2026-11-03,PM
DASH,2026-08-05,PM
DASH,2026-05-06,PM
DASH,2026-02-18,PM
DASH,2025-11-05,PM
DASH,2025-08-06,PM
DASH,2025-05-06,AM
DASH,2025-02-11,PM
DASH,2024-10-30,PM
ENPH,2026-10-26,PM
ENPH,2026-07-28,PM
ENPH,2026-04-28,PM
ENPH,2026-02-03,PM
ENPH,2025-10-28,PM
ENPH,2025-07-22,PM
ENPH,2025-04-22,PM
ENPH,2025-02-04,PM
ENPH,2024-10-22,PM
FIG,2026-11-03,PM
FIG,2026-08-05,PM
FIG,2026-05-14,PM
FIG,2026-02-18,PM
FIG,2025-11-05,PM
FIG,2025-09-03,PM
FTNT,2026-11-03,PM
FTNT,2026-07-29,PM
FTNT,2026-05-06,PM
FTNT,2026-02-05,PM
FTNT,2025-11-05,PM
FTNT,2025-08-06,PM
FTNT,2025-05-07,PM
FTNT,2025-02-06,PM
FTNT,2024-11-07,PM
GOOGL,2026-10-27,PM
GOOGL,2026-07-22,PM
GOOGL,2026-04-29,PM
GOOGL,2026-02-04,PM
GOOGL,2025-10-29,PM
GOOGL,2025-07-23,PM
GOOGL,2025-04-24,PM
GOOGL,2025-02-04,PM
GOOGL,2024-10-29,PM
GTLB,2026-12-07,PM
GTLB,2026-09-01,PM
GTLB,2026-06-02,PM
GTLB,2026-03-03,PM
GTLB,2025-12-02,PM
GTLB,2025-09-03,PM
GTLB,2025-06-10,PM
GTLB,2025-03-03,PM
GTLB,2024-12-05,PM
HAL,2026-10-20,AM
HAL,2026-07-21,AM
HAL,2026-04-21,AM
HAL,2026-01-21,AM
HAL,2025-10-21,AM
HAL,2025-07-22,AM
HAL,2025-04-22,AM
HAL,2025-01-22,AM
HAL,2024-11-07,AM
HIMS,2026-11-02,PM
HIMS,2026-08-10,PM
HIMS,2026-05-11,PM
HIMS,2026-02-23,PM
HIMS,2025-11-03,PM
HIMS,2025-08-04,PM
HIMS,2025-05-05,PM
HIMS,2025-02-24,PM
HIMS,2024-11-04,PM
HOOD,2026-11-03,PM
HOOD,2026-07-29,PM
HOOD,2026-04-28,PM
HOOD,2026-02-10,PM
HOOD,2025-11-05,PM
HOOD,2025-07-30,PM
HOOD,2025-04-30,PM
HOOD,2025-02-12,PM
HOOD,2024-10-30,PM
INTU,2026-11-18,PM
INTU,2026-08-25,PM
INTU,2026-05-20,PM
INTU,2026-02-26,PM
INTU,2025-11-20,PM
INTU,2025-08-21,PM
INTU,2025-05-22,PM
INTU,2025-02-25,PM
INTU,2024-11-21,PM
IONQ,2026-11-03,PM
IONQ,2026-08-05,PM
IONQ,2026-05-06,PM
IONQ,2026-02-25,PM
IONQ,2025-11-05,PM
IONQ,2025-08-06,PM
IONQ,2025-05-07,PM
IONQ,2025-02-26,PM
IONQ,2024-11-06,PM
IREN,2026-11-04,PM
IREN,2026-08-27,PM
IREN,2026-05-08,AM
IREN,2026-02-05,PM
IREN,2025-11-06,PM
IREN,2025-08-28,PM
IREN,2025-05-14,PM
IREN,2025-02-12,PM
IREN,2024-11-26,PM
JOBY,2026-11-03,PM
JOBY,2026-08-05,PM
JOBY,2026-05-05,PM
JOBY,2026-02-25,PM
JOBY,2025-11-05,PM
JOBY,2025-08-06,PM
JOBY,2025-05-07,PM
JOBY,2025-02-26,PM
JOBY,2024-11-06,PM
LMT,2026-10-19,AM
LMT,2026-07-23,AM
LMT,2026-04-23,AM
LMT,2026-01-29,AM
LMT,2025-10-21,AM
LMT,2025-07-22,AM
LMT,2025-04-22,AM
LMT,2025-01-28,AM
LMT,2024-10-22,AM
LRCX,2026-10-21,PM
LRCX,2026-07-29,PM
LRCX,2026-04-22,PM
LRCX,2026-01-28,PM
LRCX,2025-10-22,PM
LRCX,2025-07-30,PM
LRCX,2025-04-23,PM
LRCX,2025-01-29,PM
LRCX,2024-10-23,PM
MARA,2026-11-02,PM
MARA,2026-08-05,PM
MARA,2026-05-11,PM
MARA,2026-02-26,PM
MARA,2025-11-04,PM
MARA,2025-07-29,PM
MARA,2025-05-08,PM
MARA,2025-02-26,PM
MARA,2024-11-12,PM
MCK,2026-11-03,PM
MCK,2026-08-05,PM
MCK,2026-05-07,PM
MCK,2026-02-04,PM
MCK,2025-11-05,PM
MCK,2025-08-06,PM
MCK,2025-05-08,PM
MCK,2025-02-05,PM
MCK,2024-11-06,PM
MDB,2026-11-30,PM
MDB,2026-09-01,PM
MDB,2026-05-28,PM
MDB,2026-03-02,PM
MDB,2025-12-01,PM
MDB,2025-08-26,PM
MDB,2025-06-04,PM
MDB,2025-03-05,PM
MDB,2024-12-09,PM
META,2026-10-27,PM
META,2026-07-29,PM
META,2026-04-29,PM
META,2026-01-28,PM
META,2025-10-29,PM
META,2025-07-30,PM
META,2025-04-30,PM
META,2025-01-29,PM
META,2024-10-30,PM
MRK,2026-10-29,AM
MRK,2026-08-04,AM
MRK,2026-04-30,AM
MRK,2026-02-03,AM
MRK,2025-10-30,AM
MRK,2025-07-29,AM
MRK,2025-04-24,AM
MRK,2025-02-04,AM
MRK,2024-10-31,AM
MRVL,2026-11-30,PM
MRVL,2026-08-27,PM
MRVL,2026-05-27,PM
MRVL,2026-03-05,PM
MRVL,2025-12-02,PM
MRVL,2025-08-28,PM
MRVL,2025-05-29,PM
MRVL,2025-03-05,PM
MRVL,2024-12-03,PM
MSFT,2026-10-27,PM
MSFT,2026-07-29,PM
MSFT,2026-04-29,PM
MSFT,2026-01-28,PM
MSFT,2025-10-29,PM
MSFT,2025-07-30,PM
MSFT,2025-04-30,PM
MSFT,2025-01-29,PM
MSFT,2024-10-30,PM
MSTR,2026-10-28,PM
MSTR,2026-07-30,PM
MSTR,2026-05-05,PM
MSTR,2026-02-05,PM
MSTR,2025-10-30,PM
MSTR,2025-07-31,PM
MSTR,2025-05-01,PM
MSTR,2025-02-05,PM
MSTR,2024-10-30,PM
MU,2026-09-30,PM
MU,2026-06-24,PM
MU,2026-03-18,PM
MU,2025-12-17,PM
MU,2025-09-23,PM
MU,2025-06-25,PM
MU,2025-03-20,PM
MU,2024-12-18,PM
MU,2024-09-25,PM
NFLX,2026-10-20,PM
NFLX,2026-07-16,PM
NFLX,2026-04-16,PM
NFLX,2026-01-20,PM
NFLX,2025-10-21,PM
NFLX,2025-07-17,PM
NFLX,2025-04-17,PM
NFLX,2025-01-21,PM
NFLX,2024-10-17,PM
NOC,2026-10-20,AM
NOC,2026-07-21,AM
NOC,2026-04-21,AM
NOC,2026-01-27,AM
NOC,2025-10-21,AM
NOC,2025-07-22,AM
NOC,2025-04-22,AM
NOC,2025-01-30,AM
NOC,2024-10-24,AM
NOW,2026-10-27,PM
NOW,2026-07-22,PM
NOW,2026-04-22,PM
NOW,2026-01-28,PM
NOW,2025-10-29,PM
NOW,2025-07-23,PM
NOW,2025-04-23,PM
NOW,2025-01-29,PM
NOW,2024-10-23,PM
NVDA,2026-11-17,PM
NVDA,2026-08-26,PM
NVDA,2026-05-20,PM
NVDA,2026-02-25,PM
NVDA,2025-11-19,PM
NVDA,2025-08-27,PM
NVDA,2025-05-28,PM
NVDA,2025-02-26,PM
NVDA,2024-11-20,PM
NVTS,2026-11-02,PM
NVTS,2026-07-27,PM
NVTS,2026-05-05,PM
NVTS,2026-02-24,PM
NVTS,2025-11-03,PM
NVTS,2025-08-04,PM
NVTS,2025-05-05,PM
NVTS,2025-02-24,PM
NVTS,2024-11-04,PM
ORCL,2026-12-08,PM
ORCL,2026-09-10,PM
ORCL,2026-06-10,PM
ORCL,2026-03-10,PM
ORCL,2025-12-10,PM
ORCL,2025-09-09,PM
ORCL,2025-06-11,PM
ORCL,2025-03-10,PM
ORCL,2024-12-09,PM
PANW,2026-11-17,PM
PANW,2026-09-01,PM
PANW,2026-06-02,PM
PANW,2026-02-17,PM
PANW,2025-11-19,PM
PANW,2025-08-18,PM
PANW,2025-05-20,PM
PANW,2025-02-13,PM
PANW,2024-11-20,PM
RCL,2026-10-26,AM
RCL,2026-07-28,AM
RCL,2026-04-30,AM
RCL,2026-01-29,AM
RCL,2025-10-28,AM
RCL,2025-07-29,AM
RCL,2025-04-29,AM
RCL,2025-01-28,AM
RCL,2024-10-29,AM
RDDT,2026-10-28,PM
RDDT,2026-07-30,PM
RDDT,2026-04-30,PM
RDDT,2026-02-05,PM
RDDT,2025-10-30,PM
RDDT,2025-07-31,PM
RDDT,2025-05-01,PM
RDDT,2025-02-12,PM
RDDT,2024-10-29,PM
REGN,2026-10-26,AM
REGN,2026-07-30,AM
REGN,2026-04-29,AM
REGN,2026-01-30,AM
REGN,2025-10-28,AM
REGN,2025-08-01,AM
REGN,2025-04-29,AM
REGN,2025-02-04,AM
REGN,2024-10-31,AM
RKLB,2026-11-09,PM
RKLB,2026-08-10,PM
RKLB,2026-05-07,PM
RKLB,2026-02-26,PM
RKLB,2025-11-10,PM
RKLB,2025-08-07,PM
RKLB,2025-05-08,PM
RKLB,2025-02-27,PM
RKLB,2024-11-12,PM
SHOP,2026-10-22,AM
SHOP,2026-08-05,AM
SHOP,2026-05-05,AM
SHOP,2026-02-11,AM
SHOP,2025-11-04,AM
SHOP,2025-08-06,AM
SHOP,2025-05-08,AM
SHOP,2025-02-11,AM
SHOP,2024-11-12,AM
SLB,2026-10-16,AM
SLB,2026-07-24,AM
SLB,2026-04-24,AM
SLB,2026-01-23,AM
SLB,2025-10-17,AM
SLB,2025-07-18,AM
SLB,2025-04-25,AM
SLB,2025-01-17,AM
SLB,2024-10-18,AM
SMCI,2026-11-02,PM
SMCI,2026-08-11,PM
SMCI,2026-05-05,PM
SMCI,2026-02-03,PM
SMCI,2025-11-04,PM
SMCI,2025-08-05,PM
SMCI,2025-05-06,PM
SMCI,2025-02-25,PM
SNOW,2026-12-01,PM
SNOW,2026-09-02,PM
SNOW,2026-05-27,PM
SNOW,2026-02-25,PM
SNOW,2025-12-03,PM
SNOW,2025-08-27,PM
SNOW,2025-05-21,PM
SNOW,2025-02-26,PM
SNOW,2024-11-20,PM
SOFI,2026-10-26,AM
SOFI,2026-07-29,AM
SOFI,2026-04-27,PM
SOFI,2026-01-30,AM
SOFI,2025-10-28,AM
SOFI,2025-07-29,AM
SOFI,2025-04-29,AM
SOFI,2025-01-27,AM
SOFI,2024-10-29,AM
SOUN,2026-11-04,PM
SOUN,2026-08-05,PM
SOUN,2026-05-07,PM
SOUN,2026-02-26,PM
SOUN,2025-11-06,PM
SOUN,2025-08-07,PM
SOUN,2025-05-08,PM
SOUN,2025-02-27,PM
SOUN,2024-11-12,PM
TEAM,2026-10-26,PM
TEAM,2026-08-06,PM
TEAM,2026-04-30,PM
TEAM,2026-02-05,PM
TEAM,2025-10-30,PM
TEAM,2025-08-07,PM
TEAM,2025-05-01,PM
TEAM,2025-01-30,PM
TEAM,2024-10-31,PM
TEM,2026-11-02,PM
TEM,2026-07-30,PM
TEM,2026-05-05,PM
TEM,2026-02-24,PM
TEM,2025-11-04,PM
TEM,2025-08-08,AM
TEM,2025-05-06,PM
TEM,2025-02-24,PM
TEM,2024-11-04,PM
TSLA,2026-10-20,PM
TSLA,2026-07-22,PM
TSLA,2026-04-22,PM
TSLA,2026-01-28,PM
TSLA,2025-10-22,PM
TSLA,2025-07-23,PM
TSLA,2025-04-22,PM
TSLA,2025-01-29,PM
TSLA,2024-10-23,PM
TWLO,2026-10-28,PM
TWLO,2026-08-06,PM
TWLO,2026-04-30,PM
TWLO,2026-02-12,PM
TWLO,2025-10-30,PM
TWLO,2025-08-07,PM
TWLO,2025-05-01,PM
TWLO,2025-02-13,PM
TWLO,2024-10-30,PM
U,2026-11-03,PM
U,2026-08-06,AM
U,2026-05-07,AM
U,2026-02-11,AM
U,2025-11-05,AM
U,2025-08-06,AM
U,2025-05-07,AM
U,2025-02-20,AM
U,2024-11-07,PM
UBER,2026-11-02,AM
UBER,2026-08-05,AM
UBER,2026-05-06,AM
UBER,2026-02-04,AM
UBER,2025-11-04,AM
UBER,2025-08-06,AM
UBER,2025-05-07,AM
UBER,2025-02-05,AM
UBER,2024-10-31,AM
UI,2026-11-05,AM
UI,2026-08-21,AM
UI,2026-05-08,AM
UI,2026-02-06,AM
UI,2025-11-07,AM
UI,2025-08-22,AM
UI,2025-05-09,AM
UI,2025-02-07,AM
UI,2024-11-08,AM
UMAC,2026-11-06,PM
UMAC,2026-08-06,AM
UMAC,2026-05-14,PM
UMAC,2026-03-09,AM
UMAC,2025-11-06,PM
UMAC,2025-08-14,PM
UMAC,2025-05-08,PM
UMAC,2025-03-27,PM
UNH,2026-10-13,AM
UNH,2026-07-16,AM
UNH,2026-04-21,AM
UNH,2026-01-27,AM
UNH,2025-10-28,AM
UNH,2025-07-29,AM
UNH,2025-04-17,AM
UNH,2025-01-16,AM
UNH,2024-10-15,AM
UPST,2026-11-02,PM
UPST,2026-08-04,PM
UPST,2026-05-05,PM
UPST,2026-02-10,PM
UPST,2025-11-04,PM
UPST,2025-08-05,PM
UPST,2025-05-06,PM
UPST,2025-02-11,PM
UPST,2024-11-07,PM
VEEV,2026-11-18,PM
VEEV,2026-08-26,PM
VEEV,2026-06-03,PM
VEEV,2026-03-04,PM
VEEV,2025-11-20,PM
VEEV,2025-08-27,PM
VEEV,2025-05-28,PM
VEEV,2025-03-05,PM
VEEV,2024-12-05,PM
VRT,2026-10-20,AM
VRT,2026-07-29,AM
VRT,2026-04-22,AM
VRT,2026-02-11,AM
VRT,2025-10-22,AM
VRT,2025-07-30,AM
VRT,2025-04-23,AM
VRT,2025-02-12,AM
VRT,2024-10-23,AM
ZS,2026-11-23,PM
ZS,2026-09-03,PM
ZS,2026-05-26,PM
ZS,2026-02-26,PM
ZS,2025-11-25,PM
ZS,2025-09-02,PM
ZS,2025-05-29,PM
ZS,2025-03-05,PM
ZS,2024-12-02,PM
