Strategy,Start,End,Days,Total Return %,CAGR %,Sharpe,Sortino,Max DD %,Calmar,Exposure %,Time in Market %,Return per Invested Day (bp),Turnover x/yr,Trades,Closed Trades,"Win Rate % (closed, net)","Avg Trade % (closed, net)",Period,Family,Params
E: SPY buy & hold,2024-09-17,2025-09-16,250,18.13,18.287,0.956,1.454,-18.754,0.975,100.0,100.0,7.412,1.007,1,0,,,IS,Benchmark,
E: SPY buy & hold,2025-09-17,2026-09-24,257,17.705,17.332,1.306,1.923,-8.88,1.952,100.0,100.0,6.673,0.98,1,0,,,OOS,Benchmark,
E: SPY buy & hold,2024-09-17,2026-09-24,507,39.186,17.862,1.079,1.623,-18.754,0.952,100.0,100.0,7.057,0.497,1,0,,,Full,Benchmark,
E: QQQ buy & hold,2024-09-17,2025-09-16,250,24.696,24.916,1.06,1.605,-22.769,1.094,100.0,100.0,9.918,1.007,1,0,,,IS,Benchmark,
E: QQQ buy & hold,2025-09-17,2026-09-24,257,25.986,25.422,1.246,1.847,-11.964,2.125,100.0,100.0,9.764,0.98,1,0,,,OOS,Benchmark,
E: QQQ buy & hold,2024-09-17,2026-09-24,507,57.236,25.226,1.145,1.716,-22.769,1.108,100.0,100.0,9.857,0.497,1,0,,,Full,Benchmark,
E: EW universe buy & hold,2024-09-17,2025-09-16,250,102.705,103.854,1.881,2.886,-37.137,2.797,100.0,100.0,31.893,1.007,75,0,,,IS,Benchmark,"75 stocks alive at start (late IPOs excluded), no rebalancing"
E: EW universe buy & hold,2025-09-17,2026-09-24,257,24.002,23.484,0.794,1.136,-25.519,0.92,100.0,100.0,10.629,0.98,78,0,,,OOS,Benchmark,"78 stocks alive at start (late IPOs excluded), no rebalancing"
E: EW universe buy & hold,2024-09-17,2026-09-24,507,143.295,55.569,1.228,1.809,-37.137,1.496,100.0,100.0,21.346,0.497,75,0,,,Full,Benchmark,"75 stocks alive at start (late IPOs excluded), no rebalancing"
E: EW universe daily-rebalanced (reference),2024-09-17,2025-09-16,250,99.081,100.18,2.085,3.209,-31.457,3.185,100.0,100.0,30.196,7.373,78,0,,,IS,Benchmark,rebalanced to equal weight every day (NOT buy & hold)
E: EW universe daily-rebalanced (reference),2025-09-17,2026-09-24,257,23.735,23.224,0.824,1.199,-26.74,0.868,100.0,100.0,10.224,7.576,78,0,,,OOS,Benchmark,rebalanced to equal weight every day (NOT buy & hold)
E: EW universe daily-rebalanced (reference),2024-09-17,2026-09-24,507,146.263,56.51,1.49,2.236,-31.457,1.796,100.0,100.0,20.067,6.988,78,0,,,Full,Benchmark,rebalanced to equal weight every day (NOT buy & hold)
A: Current rules 20/-25 (1/N slots),2024-09-17,2025-09-16,250,52.736,53.255,1.831,2.717,-22.569,2.36,69.667,100.0,26.124,7.204,313,251,28.685,2.514,IS,A,"buy>20, sell<-25"
A: Current rules 20/-25 (1/N slots),2025-09-17,2026-09-24,257,7.263,7.117,0.424,0.582,-18.017,0.395,62.762,100.0,5.856,8.599,367,325,20.615,-2.161,OOS,A,"buy>20, sell<-25"
A: Current rules 20/-25 (1/N slots),2024-09-17,2026-09-24,507,63.93,27.848,1.131,1.611,-22.569,1.234,67.686,100.0,16.155,7.503,614,571,29.072,5.554,Full,A,"buy>20, sell<-25"
A-tuned: thresholds 10/-25 (1/N slots),2024-09-17,2025-09-16,250,60.906,61.519,1.947,2.925,-23.104,2.663,73.145,100.0,27.929,8.477,363,300,27.667,2.553,IS,A,"buy>10, sell<-25 (IS-chosen)"
A-tuned: thresholds 10/-25 (1/N slots),2025-09-17,2026-09-24,257,7.756,7.6,0.435,0.598,-19.037,0.399,67.484,100.0,5.854,10.676,451,408,19.853,-2.003,OOS,A,"buy>10, sell<-25 (IS-chosen)"
A-tuned: thresholds 10/-25 (1/N slots),2024-09-17,2026-09-24,507,73.845,31.635,1.192,1.71,-23.104,1.369,72.083,100.0,16.989,9.218,752,709,27.927,5.126,Full,A,"buy>10, sell<-25 (IS-chosen)"
"A-K10: 20/-25, max 10 positions @10%",2024-09-17,2025-09-16,250,27.706,27.956,0.858,1.25,-44.03,0.635,98.499,100.0,12.602,10.789,64,54,31.481,-0.863,IS,A,"buy>20, sell<-25, top-10 by score"
"A-K10: 20/-25, max 10 positions @10%",2025-09-17,2026-09-24,257,11.288,11.057,0.465,0.629,-35.827,0.309,98.191,100.0,7.374,8.389,54,44,31.818,-1.507,OOS,A,"buy>20, sell<-25, top-10 by score"
"A-K10: 20/-25, max 10 positions @10%",2024-09-17,2026-09-24,507,44.83,20.213,0.677,0.947,-44.03,0.459,98.384,100.0,10.315,9.002,108,98,37.755,3.495,Full,A,"buy>20, sell<-25, top-10 by score"
B: 20/-25 + regime + 2xATR stop (1/N slots),2024-09-17,2025-09-16,250,23.265,23.472,1.691,2.516,-11.491,2.043,41.163,90.0,21.143,11.439,464,420,39.048,1.97,IS,B,"buy>20, sell<-25, SPY>200DMA for entries, 2xATR trail"
B: 20/-25 + regime + 2xATR stop (1/N slots),2025-09-17,2026-09-24,257,1.71,1.676,0.197,0.268,-10.382,0.161,36.476,100.0,2.615,12.633,518,488,33.811,-0.266,OOS,B,"buy>20, sell<-25, SPY>200DMA for entries, 2xATR trail"
B: 20/-25 + regime + 2xATR stop (1/N slots),2024-09-17,2026-09-24,507,25.717,12.047,0.958,1.36,-11.491,1.048,39.025,95.069,12.393,11.815,939,909,37.294,1.781,Full,B,"buy>20, sell<-25, SPY>200DMA for entries, 2xATR trail"
B: 20/-25 + regime + 3xATR stop (1/N slots),2024-09-17,2025-09-16,250,39.505,39.877,1.887,2.818,-17.81,2.239,54.335,94.4,25.803,9.472,396,340,34.706,3.359,IS,B,"buy>20, sell<-25, SPY>200DMA for entries, 3xATR trail"
B: 20/-25 + regime + 3xATR stop (1/N slots),2025-09-17,2026-09-24,257,8.977,8.795,0.559,0.766,-15.276,0.576,50.24,100.0,7.939,10.703,445,409,26.65,0.294,OOS,B,"buy>20, sell<-25, SPY>200DMA for entries, 3xATR trail"
B: 20/-25 + regime + 3xATR stop (1/N slots),2024-09-17,2026-09-24,507,53.453,23.719,1.218,1.741,-17.81,1.332,52.992,97.239,17.294,9.822,787,751,32.756,4.23,Full,B,"buy>20, sell<-25, SPY>200DMA for entries, 3xATR trail"
"B-K10: regime + 3xATR stop, max 10 @10%",2024-09-17,2025-09-16,250,10.384,10.471,0.477,0.639,-42.691,0.245,88.299,94.4,6.662,18.017,101,91,30.769,-1.566,IS,B,"as B (k=3), top-10 by score"
"B-K10: regime + 3xATR stop, max 10 @10%",2025-09-17,2026-09-24,257,22.842,22.351,0.705,0.973,-33.296,0.671,99.098,100.0,11.33,16.772,102,92,30.435,1.633,OOS,B,"as B (k=3), top-10 by score"
"B-K10: regime + 3xATR stop, max 10 @10%",2024-09-17,2026-09-24,507,36.016,16.52,0.606,0.827,-42.691,0.387,93.741,97.239,9.25,16.895,193,183,32.787,2.034,Full,B,"as B (k=3), top-10 by score"
C: top5 w_tech=0.3 regime=off,2024-09-17,2025-09-16,250,126.669,128.157,1.996,3.095,-37.216,3.444,100.0,100.0,37.118,50.077,112,107,46.729,1.246,IS,C,"N=5, w_tech=0.3, regime=False, sector cap 40%, inv-vol"
C: top5 w_tech=0.3 regime=off,2025-09-17,2026-09-24,257,6.001,5.881,0.341,0.468,-32.298,0.182,100.0,100.0,5.036,51.77,119,114,39.474,0.296,OOS,C,"N=5, w_tech=0.3, regime=False, sector cap 40%, inv-vol"
C: top5 w_tech=0.3 regime=off,2024-09-17,2026-09-24,507,137.641,53.762,1.231,1.813,-37.216,1.445,100.0,100.0,20.632,50.44,226,221,43.439,1.518,Full,C,"N=5, w_tech=0.3, regime=False, sector cap 40%, inv-vol"
C: top5 w_tech=0.5 regime=off,2024-09-17,2025-09-16,250,134.339,135.941,2.21,3.451,-36.326,3.742,100.0,100.0,37.779,52.728,124,119,48.739,2.297,IS,C,"N=5, w_tech=0.5, regime=False, sector cap 40%, inv-vol"
C: top5 w_tech=0.5 regime=off,2025-09-17,2026-09-24,257,51.149,49.939,1.354,2.097,-23.117,2.16,100.0,100.0,18.398,57.585,136,131,48.855,2.2,OOS,C,"N=5, w_tech=0.5, regime=False, sector cap 40%, inv-vol"
C: top5 w_tech=0.5 regime=off,2024-09-17,2026-09-24,507,250.32,86.475,1.801,2.8,-36.326,2.381,100.0,100.0,27.731,54.694,255,250,49.2,2.916,Full,C,"N=5, w_tech=0.5, regime=False, sector cap 40%, inv-vol"
C: top5 w_tech=0.7 regime=off,2024-09-17,2025-09-16,250,116.967,118.316,2.027,3.184,-40.277,2.938,99.618,100.0,34.82,59.882,144,139,50.36,2.678,IS,C,"N=5, w_tech=0.7, regime=False, sector cap 40%, inv-vol"
C: top5 w_tech=0.7 regime=off,2025-09-17,2026-09-24,257,77.932,75.948,1.901,3.022,-14.281,5.318,100.0,100.0,24.534,62.314,154,149,53.02,2.434,OOS,C,"N=5, w_tech=0.7, regime=False, sector cap 40%, inv-vol"
C: top5 w_tech=0.7 regime=off,2024-09-17,2026-09-24,507,281.815,94.628,1.942,3.057,-40.277,2.349,99.811,100.0,29.372,60.618,293,288,52.083,2.64,Full,C,"N=5, w_tech=0.7, regime=False, sector cap 40%, inv-vol"
C: top5 w_tech=0.3 regime=on,2024-09-17,2025-09-16,250,113.054,114.347,1.913,2.967,-34.16,3.347,94.576,100.0,36.308,45.254,98,93,46.237,1.018,IS,C,"N=5, w_tech=0.3, regime=True, sector cap 40%, inv-vol"
C: top5 w_tech=0.3 regime=on,2025-09-17,2026-09-24,257,-2.889,-2.833,0.107,0.147,-33.1,-0.086,99.302,100.0,1.582,49.742,115,110,38.182,-0.104,OOS,C,"N=5, w_tech=0.3, regime=True, sector cap 40%, inv-vol"
C: top5 w_tech=0.3 regime=on,2024-09-17,2026-09-24,507,104.635,42.748,1.07,1.573,-34.16,1.251,96.972,100.0,18.052,47.033,208,203,42.365,1.24,Full,C,"N=5, w_tech=0.3, regime=True, sector cap 40%, inv-vol"
C: top5 w_tech=0.5 regime=on,2024-09-17,2025-09-16,250,117.911,119.273,2.114,3.302,-34.371,3.47,90.649,100.0,38.109,48.124,109,104,48.077,2.133,IS,C,"N=5, w_tech=0.5, regime=True, sector cap 40%, inv-vol"
C: top5 w_tech=0.5 regime=on,2025-09-17,2026-09-24,257,39.914,39.003,1.14,1.766,-23.117,1.687,99.302,100.0,15.451,54.668,129,124,47.581,1.903,OOS,C,"N=5, w_tech=0.5, regime=True, sector cap 40%, inv-vol"
C: top5 w_tech=0.5 regime=on,2024-09-17,2026-09-24,507,201.547,73.085,1.647,2.56,-34.371,2.126,95.035,100.0,25.873,50.946,233,228,48.246,2.743,Full,C,"N=5, w_tech=0.5, regime=True, sector cap 40%, inv-vol"
C: top5 w_tech=0.7 regime=on,2024-09-17,2025-09-16,250,118.095,119.46,2.113,3.355,-34.719,3.441,90.25,100.0,38.316,55.306,129,124,51.613,3.05,IS,C,"N=5, w_tech=0.7, regime=True, sector cap 40%, inv-vol"
C: top5 w_tech=0.7 regime=on,2025-09-17,2026-09-24,257,64.759,63.166,1.679,2.649,-20.097,3.143,97.805,100.0,21.986,59.132,146,141,51.773,2.327,OOS,C,"N=5, w_tech=0.7, regime=True, sector cap 40%, inv-vol"
C: top5 w_tech=0.7 regime=on,2024-09-17,2026-09-24,507,255.384,87.811,1.893,2.993,-34.719,2.529,94.08,100.0,29.472,56.749,270,265,52.075,2.76,Full,C,"N=5, w_tech=0.7, regime=True, sector cap 40%, inv-vol"
C: top10 w_tech=0.3 regime=off,2024-09-17,2025-09-16,250,141.679,143.392,2.421,3.766,-33.386,4.295,100.0,100.0,38.537,42.127,180,170,52.353,2.943,IS,C,"N=10, w_tech=0.3, regime=False, sector cap 40%, inv-vol"
C: top10 w_tech=0.3 regime=off,2025-09-17,2026-09-24,257,27.929,27.317,0.939,1.377,-21.952,1.244,100.0,100.0,11.462,38.938,181,171,39.181,-0.19,OOS,C,"N=10, w_tech=0.3, regime=False, sector cap 40%, inv-vol"
C: top10 w_tech=0.3 regime=off,2024-09-17,2026-09-24,507,207.681,74.826,1.745,2.653,-33.386,2.241,100.0,100.0,24.715,40.016,351,341,46.921,2.051,Full,C,"N=10, w_tech=0.3, regime=False, sector cap 40%, inv-vol"
C: top10 w_tech=0.5 regime=off,2024-09-17,2025-09-16,250,157.529,159.486,2.627,4.135,-32.964,4.838,100.0,100.0,40.96,46.561,201,191,52.356,3.167,IS,C,"N=10, w_tech=0.5, regime=False, sector cap 40%, inv-vol"
C: top10 w_tech=0.5 regime=off,2025-09-17,2026-09-24,257,35.275,34.482,1.182,1.743,-23.638,1.459,100.0,100.0,13.376,42.538,207,197,41.624,0.649,OOS,C,"N=10, w_tech=0.5, regime=False, sector cap 40%, inv-vol"
C: top10 w_tech=0.5 regime=off,2024-09-17,2026-09-24,507,246.685,85.511,1.975,3.039,-32.964,2.594,100.0,100.0,26.88,44.029,398,388,47.938,2.711,Full,C,"N=10, w_tech=0.5, regime=False, sector cap 40%, inv-vol"
C: top10 w_tech=0.7 regime=off,2024-09-17,2025-09-16,250,92.461,93.472,2.114,3.042,-35.99,2.597,98.826,100.0,28.867,50.669,231,221,50.226,2.294,IS,C,"N=10, w_tech=0.7, regime=False, sector cap 40%, inv-vol"
C: top10 w_tech=0.7 regime=off,2025-09-17,2026-09-24,257,44.587,43.554,1.501,2.236,-15.193,2.867,100.0,100.0,15.74,47.339,235,225,44.0,1.66,OOS,C,"N=10, w_tech=0.7, regime=False, sector cap 40%, inv-vol"
C: top10 w_tech=0.7 regime=off,2024-09-17,2026-09-24,507,176.668,65.833,1.819,2.65,-35.99,1.829,99.421,100.0,22.059,48.485,456,446,47.758,2.392,Full,C,"N=10, w_tech=0.7, regime=False, sector cap 40%, inv-vol"
C: top10 w_tech=0.3 regime=on,2024-09-17,2025-09-16,250,146.922,148.714,2.523,3.915,-31.542,4.715,97.321,100.0,40.343,38.549,158,148,53.378,3.333,IS,C,"N=10, w_tech=0.3, regime=True, sector cap 40%, inv-vol"
C: top10 w_tech=0.3 regime=on,2025-09-17,2026-09-24,257,24.421,23.893,0.853,1.251,-21.952,1.088,99.106,100.0,10.452,37.37,174,164,39.634,-0.41,OOS,C,"N=10, w_tech=0.3, regime=True, sector cap 40%, inv-vol"
C: top10 w_tech=0.3 regime=on,2024-09-17,2026-09-24,507,205.735,74.276,1.758,2.669,-31.542,2.355,98.226,100.0,24.956,37.457,322,312,47.436,2.108,Full,C,"N=10, w_tech=0.3, regime=True, sector cap 40%, inv-vol"
C: top10 w_tech=0.5 regime=on,2024-09-17,2025-09-16,250,131.74,133.303,2.473,3.85,-30.78,4.331,90.89,100.0,40.041,42.043,175,165,52.121,2.659,IS,C,"N=10, w_tech=0.5, regime=True, sector cap 40%, inv-vol"
C: top10 w_tech=0.5 regime=on,2025-09-17,2026-09-24,257,35.694,34.891,1.195,1.765,-23.638,1.476,99.65,100.0,13.533,40.562,198,188,43.085,0.677,OOS,C,"N=10, w_tech=0.5, regime=True, sector cap 40%, inv-vol"
C: top10 w_tech=0.5 regime=on,2024-09-17,2026-09-24,507,212.933,76.303,1.885,2.876,-30.78,2.479,95.331,100.0,25.893,40.8,363,353,48.442,2.507,Full,C,"N=10, w_tech=0.5, regime=True, sector cap 40%, inv-vol"
C: top10 w_tech=0.7 regime=on,2024-09-17,2025-09-16,250,90.294,91.276,2.177,3.202,-28.026,3.257,87.725,100.0,31.729,45.237,201,191,50.785,2.366,IS,C,"N=10, w_tech=0.7, regime=True, sector cap 40%, inv-vol"
C: top10 w_tech=0.7 regime=on,2025-09-17,2026-09-24,257,43.952,42.936,1.499,2.231,-15.193,2.826,98.559,100.0,15.766,45.447,226,216,45.37,1.552,OOS,C,"N=10, w_tech=0.7, regime=True, sector cap 40%, inv-vol"
C: top10 w_tech=0.7 regime=on,2024-09-17,2026-09-24,507,172.352,64.542,1.85,2.732,-28.026,2.303,93.217,100.0,23.05,44.847,417,407,48.649,2.392,Full,C,"N=10, w_tech=0.7, regime=True, sector cap 40%, inv-vol"
D1: C + flat through earnings,2024-09-17,2025-09-16,250,142.413,144.136,2.565,3.96,-32.538,4.43,98.383,100.0,38.909,53.77,239,229,55.022,3.226,IS,D,C: top10 w_tech=0.5 regime=off with earnings overlay
D1: C + flat through earnings,2025-09-17,2026-09-24,257,24.459,23.93,0.905,1.309,-24.576,0.974,98.368,100.0,10.248,49.762,241,231,41.558,0.585,OOS,D,C: top10 w_tech=0.5 regime=off with earnings overlay
D1: C + flat through earnings,2024-09-17,2026-09-24,507,200.241,72.712,1.816,2.738,-32.538,2.235,98.375,100.0,24.283,51.246,470,460,49.13,2.408,Full,D,C: top10 w_tech=0.5 regime=off with earnings overlay
"D2: post-earnings drift >=5%, hold 10d",2024-09-17,2025-09-16,250,21.785,21.977,1.067,1.59,-22.667,0.97,33.501,77.6,26.055,16.873,85,82,56.098,2.586,IS,D,"reaction>=+5%, hold 10, max 10 @10%"
"D2: post-earnings drift >=5%, hold 10d",2025-09-17,2026-09-24,257,-6.852,-6.724,-0.325,-0.451,-13.309,-0.505,28.833,75.097,-7.595,14.833,76,76,43.421,-0.786,OOS,D,"reaction>=+5%, hold 10, max 10 @10%"
"D2: post-earnings drift >=5%, hold 10d",2024-09-17,2026-09-24,507,13.6,6.543,0.43,0.622,-22.667,0.289,31.134,76.331,10.348,15.69,158,158,50.0,1.02,Full,D,"reaction>=+5%, hold 10, max 10 @10%"
"D2: post-earnings drift >=5%, hold 20d",2024-09-17,2025-09-16,250,6.671,6.727,0.383,0.511,-32.628,0.206,50.336,90.0,7.787,12.635,67,59,55.932,1.007,IS,D,"reaction>=+5%, hold 20, max 10 @10%"
"D2: post-earnings drift >=5%, hold 20d",2025-09-17,2026-09-24,257,2.281,2.236,0.21,0.302,-15.824,0.141,47.526,96.109,3.84,12.456,66,61,45.902,0.821,OOS,D,"reaction>=+5%, hold 20, max 10 @10%"
"D2: post-earnings drift >=5%, hold 20d",2024-09-17,2026-09-24,507,10.3,4.993,0.324,0.447,-32.628,0.153,48.955,93.097,6.286,12.16,125,120,50.833,1.628,Full,D,"reaction>=+5%, hold 20, max 10 @10%"
C + DD brake 15%/0.5 (top10 w_tech=0.5 regime=off),2024-09-17,2025-09-16,250,155.472,157.397,2.806,4.467,-25.075,6.277,87.448,100.0,45.921,42.607,201,191,52.356,2.728,IS,C,C: top10 w_tech=0.5 regime=off + halve weights while DD > 15%
C + DD brake 15%/0.5 (top10 w_tech=0.5 regime=off),2025-09-17,2026-09-24,257,31.289,30.596,1.113,1.626,-21.556,1.419,90.686,100.0,13.322,39.088,207,197,41.117,0.652,OOS,C,C: top10 w_tech=0.5 regime=off + halve weights while DD > 15%
C + DD brake 15%/0.5 (top10 w_tech=0.5 regime=off),2024-09-17,2026-09-24,507,233.782,82.047,2.035,3.136,-25.075,3.272,89.09,100.0,28.991,40.331,398,388,47.68,2.496,Full,C,C: top10 w_tech=0.5 regime=off + halve weights while DD > 15%
C walk-forward (6m re-selection),2025-09-17,2026-09-24,257,48.642,47.5,1.38,2.078,-18.422,2.578,97.805,100.0,17.837,52.14,177,172,47.674,1.606,OOS,C,"2025-09-17→2026-03-16: N=10, regime=False, w=0.5; 2026-03-17→end: N=5, regime=True, w=0.7"
